"Country Name,""Country Code"",""Indicator Name"",""Indicator Code"",""1960"",""1961"",""1962"",""1963"",""1964"",""1965"",""1966"",""1967"",""1968"",""1969"",""1970"",""1971"",""1972"",""1973"",""1974"",""1975"",""1976"",""1977"",""1978"",""1979"",""1980"",""1981"",""1982"",""1983"",""1984"",""1985"",""1986"",""1987"",""1988"",""1989"",""1990"",""1991"",""1992"",""1993"",""1994"",""1995"",""1996"",""1997"",""1998"",""1999"",""2000"",""2001"",""2002"",""2003"",""2004"",""2005"",""2006"",""2007"",""2008"",""2009"",""2010"",""2011"",""2012"",""2013"",""2014"",""2015"",""2016"",""2017"","
"Afghanistan,""AFG"",""Livestock production index (2004-2006 = 100)"",""AG.PRD.LVSK.XD"","""",""43.5"",""44.12"",""47.17"",""48.71"",""51.58"",""57.14"",""60.44"",""65"",""65.35"",""59.65"",""57.77"",""53.2"",""58.5"",""61.05"",""63.44"",""69.13"",""68.64"",""69.44"",""70"",""71.04"",""73.07"",""73.52"",""72.1"",""68.29"",""61.34"",""52.03"",""55.57"",""58.11"",""60.39"",""70.89"",""72.27"",""72.33"",""77.15"",""84.94"",""91.68"",""100.81"",""110.2"",""117.98"",""123.67"",""104.58"",""83.41"",""103.68"",""97.76"",""104.98"",""103.36"",""91.66"",""95.11"",""99.19"",""102.25"",""105.79"",""108.26"",""109.44"",""104.13"",""105.02"","""","""","""","
"Albania,""ALB"",""Livestock production index (2004-2006 = 100)"",""AG.PRD.LVSK.XD"","""",""24.08"",""24.44"",""24.45"",""24.09"",""24.98"",""25.85"",""29.09"",""27.47"",""28.05"",""29.02"",""30.93"",""30.45"",""32.01"",""32.89"",""33.15"",""35.27"",""36.3"",""40.06"",""41.56"",""42.7"",""44.75"",""44.94"",""45.44"",""44.17"",""43.38"",""43.18"",""45.9"",""50.02"",""52.68"",""57.96"",""56.4"",""63.03"",""67.34"",""79.36"",""89.36"",""93.67"",""82.58"",""80.99"",""84.59"",""89.31"",""91.37"",""94.08"",""97.98"",""101.23"",""98.52"",""100.25"",""103.57"",""97.48"",""98.99"",""101.01"",""104.66"",""108.26"",""110.78"",""109.98"","""","""","""","
"Algeria,""DZA"",""Livestock production index (2004-2006 = 100)"",""AG.PRD.LVSK.XD"","""",""16.4"",""15.28"",""14.05"",""16.04"",""17.72"",""18.8"",""20.06"",""22.38"",""23.3"",""23.36"",""25.42"",""26.69"",""27.74"",""29.41"",""30.43"",""31.91"",""33.21"",""33.54"",""35.08"",""37.33"",""38.65"",""43.91"",""46.84"",""48.76"",""51.41"",""51.75"",""57.3"",""61.2"",""64.43"",""69.53"",""69.3"",""72.92"",""75.43"",""77.1"",""79.83"",""80.67"",""79.31"",""83.97"",""83.88"",""89.75"",""88.9"",""90.95"",""92.7"",""96.61"",""99.26"",""104.13"",""105.51"",""104.57"",""112.42"",""121.74"",""129.44"",""150.73"",""159.69"",""159.87"","""","""","""","
"Angola,""AGO"",""Livestock production index (2004-2006 = 100)"",""AG.PRD.LVSK.XD"","""",""37.38"",""38.4"",""39.28"",""41.63"",""43.28"",""44.36"",""45.38"",""45.23"",""47.19"",""50.37"",""51.18"",""50.61"",""52.28"",""53.11"",""57.81"",""53.11"",""54.11"",""55.92"",""57.42"",""58.48"",""59.63"",""62.13"",""63.07"",""64.03"",""65.72"",""67.6"",""67.59"",""68.08"",""68.6"",""70.61"",""71.05"",""75.49"",""77.02"",""75.77"",""71.67"",""83.09"",""87.82"",""93.21"",""93.7"",""99.86"",""101.54"",""103.87"",""104.27"",""93.22"",""102.46"",""104.32"",""109.9"",""114.8"",""116.96"",""122.62"",""127.18"",""131.41"",""138.01"",""128.7"","""","""","""","
"Argentina,""ARG"",""Livestock production index (2004-2006 = 100)"",""AG.PRD.LVSK.XD"","""",""61.61"",""65.86"",""71.05"",""59.93"",""60.28"",""68.07"",""71.73"",""72.62"",""78.91"",""73.13"",""62.56"",""66.8"",""65.23"",""65.77"",""71.95"",""79.53"",""80.46"",""86"",""83.45"",""79.89"",""81.81"",""74.51"",""72.53"",""74.67"",""80.29"",""83.27"",""77.41"",""74.76"",""76.81"",""83.67"",""82.46"",""81.17"",""85.67"",""89.5"",""89.93"",""88.58"",""89.66"",""86.66"",""94.94"",""93.91"",""87.25"",""82.98"",""85.38"",""93.69"",""102.39"",""103.92"",""106.65"",""107.64"",""113.74"",""100.71"",""101.38"",""101.52"",""108.66"",""101.5"","""","""","""","
"Australia,""AUS"",""Livestock production index (2004-2006 = 100)"",""AG.PRD.LVSK.XD"","""",""51.5"",""56.51"",""59.19"",""61.5"",""62.53"",""60.9"",""60.81"",""61.89"",""64.44"",""69.75"",""71.18"",""75.88"",""74.52"",""66.57"",""72.64"",""78.74"",""79.72"",""82.69"",""80.08"",""73.29"",""71.66"",""72.71"",""73.49"",""69.44"",""71.65"",""75.33"",""79.78"",""81.34"",""79.9"",""86.43"",""88.16"",""87.79"",""89.94"",""92.22"",""91.75"",""92.82"",""97.47"",""99.28"",""103.69"",""104.21"",""106.89"",""105.65"",""100.99"",""97.31"",""101.47"",""101.22"",""104.37"",""101.22"",""100.66"",""97.97"",""98.16"",""99.98"",""106.08"",""101.87"","""","""","""","
"Austria,""AUT"",""Livestock production index (2004-2006 = 100)"",""AG.PRD.LVSK.XD"","""",""66"",""69"",""70.16"",""70.22"",""69.99"",""68.93"",""73.76"",""75.61"",""75.59"",""75.81"",""76.91"",""75.99"",""76.96"",""80.27"",""81.45"",""83.48"",""83.98"",""84.89"",""88.74"",""89.24"",""89.46"",""90.83"",""91.83"",""94.5"",""93.4"",""94.72"",""94.32"",""94.35"",""92.89"",""94.02"",""95.75"",""99.25"",""97.09"",""104.75"",""99.72"",""103.09"",""103.78"",""105.67"",""105.97"",""102.35"",""104.81"",""104.33"",""98.75"",""98.23"",""100.69"",""101.08"",""104.21"",""105.29"",""106.53"",""108.86"",""105.53"",""105.57"",""106.58"",""106.04"","""","""","""","
"Bahamas, The,""BHS"",""Livestock production index (2004-2006 = 100)"",""AG.PRD.LVSK.XD"","""",""29"",""29.84"",""31.65"",""34"",""37.78"",""41.7"",""42.32"",""42.95"",""35.57"",""32.68"",""34.7"",""33.49"",""73.68"",""80.57"",""75.48"",""85.69"",""56.21"",""46.35"",""37.65"",""37.08"",""53.36"",""47.77"",""46.36"",""48.95"",""52.44"",""50.19"",""58.54"",""59.43"",""64.86"",""64.63"",""54.07"",""60.35"",""59.12"",""51.19"",""88.36"",""117.99"",""97.19"",""146.76"",""144.68"",""80.88"",""83.94"",""84.66"",""98.45"",""99.24"",""100.09"",""100.67"",""101.75"",""104.13"",""108.9"",""111.15"",""112.76"",""115.88"",""117.8"",""116.55"","""","""","""","
"Bangladesh,""BGD"",""Livestock production index (2004-2006 = 100)"",""AG.PRD.LVSK.XD"","""",""32.29"",""33.78"",""34.98"",""36.42"",""37.28"",""37.79"",""38.89"",""40.02"",""41.42"",""42.74"",""42.68"",""42.78"",""42.33"",""43.22"",""44.14"",""46.24"",""46.84"",""54.07"",""55.97"",""40.73"",""41.72"",""43"",""44.27"",""44.28"",""48.08"",""49.75"",""51.21"",""53.35"",""54.15"",""57.27"",""58.64"",""60.97"",""64.09"",""67.87"",""71"",""74.86"",""79.41"",""78.55"",""80.54"",""82.51"",""84.26"",""88.45"",""92.33"",""95.28"",""100.92"",""103.8"",""107.28"",""111.51"",""112.67"",""119.25"",""123.23"",""127.51"",""130.44"",""132.71"","""","""","""","
"Barbados,""BRB"",""Livestock production index (2004-2006 = 100)"",""AG.PRD.LVSK.XD"","""",""24.02"",""23.84"",""25.56"",""26.54"",""25.89"",""26.77"",""27.23"",""28.3"",""32.24"",""35.19"",""39.65"",""42.35"",""46.8"",""51.9"",""51.99"",""55.3"",""59.3"",""68"",""69.27"",""72.78"",""76.1"",""79.08"",""72.96"",""74.28"",""71.5"",""76.1"",""82.97"",""85.41"",""98.57"",""97.96"",""95.79"",""83.7"",""80.65"",""84.91"",""89.85"",""96.2"",""89.19"",""88.39"",""92.3"",""85.42"",""87.61"",""83.16"",""90.66"",""97.18"",""103.33"",""99.49"",""104.71"",""101.92"",""103.18"",""102.21"",""103.03"",""107.71"",""107.7"",""104.92"","""","""","""","
"Belgium,""BEL"",""Livestock production index (2004-2006 = 100)"",""AG.PRD.LVSK.XD"","""","""","""","""","""","""","""","""","""","""","""","""","""","""","""","""","""","""","""","""","""","""","""","""","""","""","""","""","""","""","""","""","""","""","""","""","""","""","""","""",""108.12"",""105.16"",""107.19"",""103.24"",""103.75"",""98.85"",""97.4"",""98.06"",""93.13"",""95.58"",""100.32"",""104.23"",""102.9"",""105.35"",""80"","""","""","""","
"Benin,""BEN"",""Livestock production index (2004-2006 = 100)"",""AG.PRD.LVSK.XD"","""",""28.7"",""30.12"",""33.46"",""35.69"",""36.76"",""38.71"",""40.8"",""41.65"",""43.83"",""44.54"",""44.85"",""46.96"",""47.67"",""51.1"",""54.98"",""56.91"",""56.87"",""59.58"",""61.53"",""65.67"",""67.25"",""71.5"",""79.18"",""84.22"",""89.99"",""78.76"",""76.75"",""72.45"",""68.93"",""70.47"",""68.99"",""70.95"",""72.94"",""78.25"",""76.57"",""79.18"",""80.2"",""84.45"",""82.63"",""82.67"",""85.4"",""88.88"",""86.84"",""95.93"",""99.01"",""105.06"",""100.56"",""100.78"",""110.71"",""116.07"",""123.74"",""126.4"",""129.02"",""115.81"","""","""","""","
"Bermuda,""BMU"",""Livestock production index (2004-2006 = 100)"",""AG.PRD.LVSK.XD"","""",""171.57"",""182.17"",""195.58"",""208.92"",""193.66"",""215.43"",""221.86"",""201.72"",""175.61"",""169.27"",""170.9"",""136.2"",""109.29"",""91.68"",""95.06"",""93.16"",""88.74"",""89.57"",""95.79"",""107.63"",""108.99"",""110.8"",""114.07"",""109.22"",""107.85"",""102.49"",""111.1"",""111.79"",""116.01"",""130.19"",""122.5"",""116.9"",""111.09"",""103.14"",""95.08"",""92.35"",""91.61"",""96.86"",""97.62"",""99.78"",""102.05"",""105.83"",""104.29"",""98.67"",""100.45"",""100.89"",""103.34"",""110.99"",""108.77"",""110.32"",""112.2"",""114.81"",""114.26"",""114.31"","""","""","""","
"Bolivia,""BOL"",""Livestock production index (2004-2006 = 100)"",""AG.PRD.LVSK.XD"","""",""20.01"",""20.58"",""20.92"",""20.87"",""21.54"",""22.68"",""23.12"",""23.4"",""24.34"",""28.1"",""28.82"",""32.09"",""33.04"",""33.85"",""36.15"",""37.65"",""39.37"",""40.06"",""42.36"",""49.14"",""47.71"",""47.99"",""49.47"",""47.07"",""49.92"",""48.13"",""50.34"",""54.4"",""56.92"",""64.97"",""61.57"",""58.82"",""60.57"",""65.52"",""69.2"",""71.31"",""73.56"",""77.29"",""79.16"",""80.09"",""80.82"",""86.51"",""88.6"",""91.95"",""97.61"",""110.44"",""125.59"",""129.46"",""117.47"",""126.98"",""128.05"",""132.17"",""134.25"",""133.98"","""","""","""","
"Brazil,""BRA"",""Livestock production index (2004-2006 = 100)"",""AG.PRD.LVSK.XD"","""",""13.68"",""13.98"",""14.13"",""15.17"",""16.03"",""16.12"",""16.49"",""18.01"",""18.89"",""19.34"",""19.23"",""20.95"",""21.93"",""21.89"",""23.48"",""25.43"",""25.68"",""27.03"",""28.7"",""31.93"",""32.94"",""33.33"",""34.38"",""35.03"",""36.11"",""37.74"",""40.44"",""42.85"",""44.22"",""44.92"",""48.99"",""51.59"",""53.44"",""56.49"",""62.17"",""66.48"",""67.02"",""68.42"",""74.16"",""77.6"",""80.39"",""85.71"",""89.6"",""96.31"",""100.88"",""102.81"",""107.66"",""111.45"",""111.33"",""116.58"",""118.81"",""121.39"",""127.46"",""124.47"","""","""","""","
"Burkina Faso,""BFA"",""Livestock production index (2004-2006 = 100)"",""AG.PRD.LVSK.XD"","""",""20.67"",""21.5"",""22"",""23.33"",""26.78"",""25.02"",""25.52"",""25.9"",""26.84"",""27.51"",""29.12"",""26.03"",""20.9"",""19.79"",""22.41"",""21.33"",""21.69"",""23.95"",""26.06"",""25.5"",""25.63"",""26.89"",""29.71"",""30.36"",""33.79"",""35.1"",""36.34"",""37.07"",""39.47"",""54.76"",""57.1"",""57.85"",""60.07"",""64.88"",""65.32"",""67.15"",""68.88"",""70.29"",""71.92"",""75.72"",""81.12"",""81.21"",""94.18"",""97.64"",""100.91"",""101.45"",""101.89"",""102.89"",""104.8"",""106.36"",""109"",""109.37"",""84.41"",""99.27"","""","""","""","
"Burundi,""BDI"",""Livestock production index (2004-2006 = 100)"",""AG.PRD.LVSK.XD"","""",""60.19"",""61.65"",""62.11"",""64.6"",""69.8"",""72.4"",""77.13"",""80.48"",""90.55"",""91.41"",""94.12"",""101.27"",""105.43"",""107.31"",""115.06"",""130.49"",""120.27"",""120.99"",""119.7"",""115.15"",""100.12"",""102.38"",""106.88"",""108.96"",""103.8"",""119.45"",""120.77"",""129.71"",""129.55"",""111.01"",""116.48"",""112.23"",""111.9"",""104.96"",""87.65"",""82.6"",""76.9"",""81.84"",""99.07"",""89.91"",""86.98"",""85.2"",""85.37"",""79.83"",""101.59"",""118.58"",""113.2"",""109.72"",""115.93"",""117.39"",""128.96"",""140.87"",""125.75"",""142.33"","""","""","""","
"Cabo Verde,""CPV"",""Livestock production index (2004-2006 = 100)"",""AG.PRD.LVSK.XD"","""",""10.11"",""10.14"",""11.23"",""12.01"",""12.95"",""13.88"",""14.08"",""14.97"",""15.37"",""15.85"",""16.15"",""15.94"",""16.19"",""14.11"",""14.31"",""14.26"",""15.82"",""17.16"",""17.68"",""19.02"",""22"",""30.06"",""23.05"",""22.61"",""30.56"",""34.82"",""39.65"",""48.27"",""48.24"",""50.7"",""53.82"",""81.46"",""83.28"",""66.62"",""91.69"",""63.32"",""75.68"",""87.99"",""89.71"",""83.64"",""87.87"",""88.67"",""88.99"",""93.76"",""99.87"",""106.37"",""114.33"",""121.49"",""127.43"",""121.57"",""73.12"",""74.6"",""76.7"",""74.9"","""","""","""","
"Cambodia,""KHM"",""Livestock production index (2004-2006 = 100)"",""AG.PRD.LVSK.XD"","""",""18.7"",""20.77"",""21.19"",""20.26"",""22.2"",""23.92"",""28.94"",""32.21"",""37.01"",""37.03"",""36.79"",""36.49"",""36.15"",""32.9"",""26.57"",""22.12"",""19.17"",""17.19"",""14.82"",""15.11"",""18.21"",""27.97"",""30.91"",""35.69"",""40.6"",""42.12"",""45.02"",""50.28"",""55.52"",""53.61"",""56.02"",""65.71"",""68.65"",""67.62"",""69.72"",""72.71"",""77.66"",""79.09"",""82.71"",""91.12"",""91.81"",""89.38"",""92.89"",""95.37"",""100.66"",""103.97"",""99.11"",""92.9"",""90.87"",""95.37"",""95.86"",""89.94"",""89.55"",""92.26"","""","""","""","
"Cameroon,""CMR"",""Livestock production index (2004-2006 = 100)"",""AG.PRD.LVSK.XD"","""",""25.29"",""25.28"",""26.01"",""25.05"",""26.29"",""28.06"",""29.43"",""30.86"",""31.13"",""34.42"",""36.43"",""37.56"",""37.2"",""37.49"",""38.23"",""40.84"",""42.59"",""44.17"",""45.61"",""46.36"",""45.27"",""47.01"",""47.98"",""54.39"",""56.17"",""59.13"",""63.21"",""68.38"",""70.76"",""74.06"",""74.22"",""74.83"",""77.63"",""74.8"",""77.64"",""80.39"",""78.42"",""81.27"",""88.93"",""86.68"",""89.69"",""89.28"",""88.34"",""96.79"",""99.22"",""103.99"",""104.57"",""111.31"",""111.15"",""114.79"",""120.38"",""121.02"",""123.56"",""98.68"","""","""","""","
"Canada,""CAN"",""Livestock production index (2004-2006 = 100)"",""AG.PRD.LVSK.XD"","""",""46.59"",""46.41"",""46.91"",""48.91"",""52.26"",""51.93"",""52.08"",""53.4"",""52.69"",""54.53"",""54.36"",""54.95"",""53.66"",""54.06"",""55.33"",""57.94"",""58.88"",""57.99"",""57.39"",""60.31"",""60.68"",""62.71"",""62.19"",""63.67"",""64.85"",""63.78"",""63.45"",""66.78"",""67.03"",""68.1"",""67.01"",""70.68"",""69.61"",""71.33"",""74.78"",""79.69"",""81.94"",""86.13"",""88.09"",""89.04"",""94.07"",""98.3"",""91.82"",""97.82"",""101.71"",""100.47"",""102.54"",""101.32"",""97.18"",""97.31"",""95.47"",""88.58"",""85.54"",""89.78"","""","""","""","
"Central African Republic,""CAF"",""Livestock production index (2004-2006 = 100)"",""AG.PRD.LVSK.XD"","""",""14.34"",""14.76"",""15.24"",""15.51"",""16.28"",""16.47"",""18.39"",""17.41"",""19.07"",""20.24"",""21.26"",""21.46"",""22.23"",""23.11"",""25.01"",""24.61"",""26.19"",""28.5"",""27.68"",""30.56"",""32.6"",""35"",""38.51"",""39.19"",""42.29"",""44.15"",""50.97"",""54.1"",""55.37"",""56.31"",""59"",""62.66"",""64.52"",""65.3"",""68.18"",""80.57"",""73.2"",""74.5"",""75.52"",""91.41"",""83.8"",""87.77"",""85.2"",""91.46"",""102.8"",""105.75"",""111.47"",""112.63"",""115.03"",""120.93"",""125.68"",""127.71"",""128.35"",""105.39"","""","""","""","
"Chad,""TCD"",""Livestock production index (2004-2006 = 100)"",""AG.PRD.LVSK.XD"","""",""52.43"",""54.41"",""54.3"",""54.89"",""55.06"",""58.14"",""57.03"",""57.77"",""55.74"",""56.76"",""56.66"",""58.59"",""50.42"",""45.38"",""50.91"",""54.36"",""56.33"",""61.48"",""65.41"",""67.2"",""68.63"",""70.16"",""67.72"",""53.34"",""55.09"",""65.94"",""68.78"",""71.01"",""72.63"",""74.33"",""77.21"",""79.31"",""75.53"",""75.8"",""79.79"",""81.34"",""91.12"",""91.22"",""91.44"",""90.19"",""91.94"",""94.2"",""96.27"",""98.24"",""99.73"",""102.03"",""105.97"",""107.76"",""110.31"",""113.08"",""113.28"",""114.45"",""115.16"",""113.16"","""","""","""","
"Chile,""CHL"",""Livestock production index (2004-2006 = 100)"",""AG.PRD.LVSK.XD"","""",""25.19"",""26.66"",""28.13"",""26.16"",""28.61"",""30.62"",""31.03"",""34.68"",""35.57"",""37.17"",""32.11"",""26.78"",""26.53"",""37.05"",""39.69"",""37.71"",""35.93"",""35.79"",""37.62"",""40.33"",""44.87"",""44.07"",""42.44"",""40.78"",""40.4"",""42.3"",""43.96"",""46.87"",""50.88"",""55.39"",""55.98"",""57.66"",""63.47"",""68.95"",""73.38"",""75.65"",""79.55"",""82.42"",""80.76"",""83.29"",""89.2"",""87.03"",""88.23"",""94.68"",""97.76"",""107.56"",""109.29"",""113.58"",""108.74"",""108.41"",""112.88"",""118.09"",""112.36"",""110.56"","""","""","""","
"China,""CHN"",""Livestock production index (2004-2006 = 100)"",""AG.PRD.LVSK.XD"","""",""4.32"",""4.88"",""6.64"",""8.05"",""8.97"",""9.62"",""10.05"",""10.01"",""9.93"",""9.95"",""11.18"",""12.2"",""12.4"",""12.49"",""12.94"",""12.93"",""13.11"",""14.19"",""16.63"",""18.6"",""19.36"",""20.67"",""21.54"",""24.89"",""27.34"",""28.91"",""31.56"",""35.27"",""37.15"",""40.11"",""44.23"",""48.06"",""53"",""59.3"",""64.96"",""68.44"",""70.85"",""76.34"",""79.29"",""84.03"",""85.28"",""88.07"",""92.96"",""95.81"",""100.34"",""103.85"",""107.69"",""111.92"",""115.77"",""119.11"",""119.84"",""124.77"",""126.55"",""124.42"","""","""","""","
"Colombia,""COL"",""Livestock production index (2004-2006 = 100)"",""AG.PRD.LVSK.XD"","""",""28.45"",""30.28"",""31.15"",""32.01"",""33.08"",""31.69"",""31.88"",""32.64"",""33.94"",""36.22"",""39.15"",""38.03"",""37.07"",""38.73"",""41.88"",""46.23"",""46.25"",""45.68"",""48.37"",""48.19"",""51.24"",""51.39"",""48.3"",""50.94"",""51.72"",""53.42"",""54.32"",""59.71"",""64.17"",""69.1"",""71.38"",""67.28"",""69.34"",""73.18"",""79.65"",""79.72"",""81.45"",""85"",""82.33"",""86.1"",""87.92"",""89.01"",""89.27"",""95"",""98.43"",""106.56"",""108.63"",""116.23"",""106.18"",""105.99"",""110.25"",""117.78"",""121.46"",""118.39"","""","""","""","
"Comoros,""COM"",""Livestock production index (2004-2006 = 100)"",""AG.PRD.LVSK.XD"","""",""53.07"",""56.94"",""60.82"",""64.64"",""68.44"",""72.38"",""72.2"",""75.39"",""76.7"",""76.82"",""80.11"",""88.29"",""94.55"",""98.09"",""101.19"",""105.44"",""108.47"",""112.2"",""96.9"",""95.74"",""94.63"",""94.44"",""93.7"",""94.15"",""92.35"",""88.15"",""91.26"",""94.5"",""96.23"",""92.61"",""94.33"",""95.97"",""98.32"",""100.26"",""98.68"",""98.58"",""93.92"",""99.13"",""102.93"",""99"",""97.49"",""97.98"",""97.2"",""98.68"",""99.47"",""101.85"",""103.72"",""107.16"",""111.84"",""115.14"",""111.92"",""112.92"",""113.01"",""112.41"","""","""","""","
"Congo, Dem. Rep.,""COD"",""Livestock production index (2004-2006 = 100)"",""AG.PRD.LVSK.XD"","""",""81.19"",""81.54"",""81.69"",""83.16"",""78.56"",""78.68"",""79.23"",""79.4"",""79.81"",""81.41"",""76.31"",""76.19"",""81.46"",""81.99"",""82.18"",""82.77"",""82.9"",""81.16"",""82.43"",""82.46"",""83.44"",""84.38"",""85.89"",""87.66"",""89.6"",""92.31"",""95.29"",""97"",""99.96"",""99.4"",""96.19"",""100.2"",""101.21"",""102.52"",""100.53"",""101.95"",""104.25"",""104.91"",""102.93"",""101.41"",""99.77"",""97.92"",""99.13"",""99.52"",""100.16"",""100.31"",""100.35"",""100.83"",""102.84"",""115.86"",""119.6"",""120.59"",""121.18"",""59.41"","""","""","""","
"Congo, Rep.,""COG"",""Livestock production index (2004-2006 = 100)"",""AG.PRD.LVSK.XD"","""",""26.55"",""27.23"",""28.36"",""28.64"",""28.54"",""28.6"",""28.22"",""29.21"",""30.34"",""31.3"",""33"",""33.38"",""33.45"",""33.83"",""34.77"",""37"",""37.15"",""40.88"",""42.71"",""42.32"",""43.61"",""44.91"",""45.99"",""46.28"",""47.61"",""49.3"",""50.05"",""50.39"",""50.12"",""51.48"",""52.31"",""53.62"",""55.02"",""56.01"",""57.09"",""58.08"",""60.02"",""65.44"",""67.92"",""67.23"",""67.24"",""74.8"",""75.55"",""88.33"",""101.23"",""110.44"",""119.24"",""128.12"",""133.26"",""157.5"",""162.89"",""163.78"",""164.26"",""45.88"","""","""","""","
"Costa Rica,""CRI"",""Livestock production index (2004-2006 = 100)"",""AG.PRD.LVSK.XD"","""",""20.23"",""19.48"",""22.47"",""23.92"",""23.5"",""21.59"",""23.19"",""26.55"",""27.99"",""29.96"",""32.14"",""33.25"",""33.46"",""35.78"",""43.85"",""50.28"",""52.09"",""49.43"",""53.47"",""52.08"",""53.59"",""48.05"",""50.23"",""53.45"",""62.47"",""62.21"",""65.15"",""64.68"",""66.38"",""71.08"",""75.95"",""72.93"",""73.05"",""80.95"",""86.51"",""86.24"",""83.65"",""85.17"",""91.35"",""91.35"",""91.63"",""91.42"",""93.63"",""94.12"",""102.44"",""103.44"",""110.3"",""114"",""118.31"",""120.47"",""121.45"",""122.29"",""123.21"",""125.57"","""","""","""","
"Cote d'Ivoire,""CIV"",""Livestock production index (2004-2006 = 100)"",""AG.PRD.LVSK.XD"","""",""29.09"",""29.33"",""29.72"",""34.92"",""35.22"",""35.57"",""38.53"",""39.27"",""39.73"",""40.11"",""42.82"",""43.41"",""44.26"",""47.72"",""48.68"",""49.73"",""53.37"",""55.09"",""55.78"",""58.35"",""63.12"",""65.3"",""67.66"",""69.34"",""68.28"",""71.92"",""72.11"",""74.48"",""77.15"",""80.78"",""82.12"",""84.96"",""92.16"",""93.9"",""95.65"",""95.08"",""102.79"",""85.83"",""86.85"",""89.43"",""89.8"",""92.31"",""94.4"",""98.94"",""99.7"",""101.35"",""104.53"",""108.74"",""113.13"",""118.66"",""117.31"",""127.05"",""130.88"",""57.78"","""","""","""","
"Cuba,""CUB"",""Livestock production index (2004-2006 = 100)"",""AG.PRD.LVSK.XD"","""",""98.06"",""103.93"",""108.93"",""116.89"",""122.62"",""127.02"",""133.95"",""161.71"",""161.27"",""156.38"",""152.32"",""153.97"",""146.26"",""137.15"",""130.17"",""147.57"",""161.42"",""162.02"",""161.18"",""165.55"",""176.19"",""170.56"",""176.98"",""181.66"",""184.14"",""186.92"",""184.29"",""186.08"",""188.55"",""185.49"",""152.4"",""119.83"",""113.67"",""119.19"",""117.98"",""121.56"",""110.67"",""118.64"",""125.67"",""124.67"",""117.94"",""109.35"",""107.32"",""103.13"",""95.77"",""101.09"",""125.2"",""135.46"",""136.96"",""136.16"",""140.01"",""137.93"",""144.08"",""140.52"","""","""","""","
"Cyprus,""CYP"",""Livestock production index (2004-2006 = 100)"",""AG.PRD.LVSK.XD"","""",""16.8"",""17.59"",""18.71"",""19.34"",""21.81"",""26.28"",""28.92"",""31.79"",""37.2"",""40.32"",""45.83"",""48.13"",""50.45"",""38.97"",""27.06"",""31.04"",""33.32"",""37.44"",""38.58"",""38.9"",""41.72"",""45.44"",""48.91"",""53.82"",""55.96"",""59.34"",""63"",""65.67"",""68.86"",""69.83"",""70.01"",""72.5"",""81.17"",""86.08"",""90.84"",""93.37"",""99.57"",""97.25"",""100.89"",""103.96"",""106.3"",""109.79"",""107.34"",""105.16"",""101.1"",""93.74"",""95.86"",""101.53"",""96.92"",""95.58"",""97.7"",""94.81"",""88.9"",""93.28"","""","""","""","
"Denmark,""DNK"",""Livestock production index (2004-2006 = 100)"",""AG.PRD.LVSK.XD"","""",""69.91"",""70.68"",""69.82"",""69.82"",""72.26"",""71.59"",""71.07"",""70.06"",""67.35"",""65.37"",""65.81"",""65.42"",""67.22"",""69.64"",""69.68"",""70.28"",""71.75"",""74.46"",""77.66"",""78.72"",""78.38"",""79.07"",""82.72"",""81.46"",""81.63"",""83.96"",""81.9"",""80.92"",""80.57"",""81.86"",""83.98"",""86.75"",""91"",""91.1"",""91.45"",""91.48"",""92.42"",""95.82"",""96.06"",""95.24"",""97.11"",""99.05"",""99.18"",""100.52"",""100.44"",""99.04"",""101.98"",""100.63"",""98.66"",""102.15"",""103.16"",""102.55"",""98.7"",""102.09"","""","""","""","
"Djibouti,""DJI"",""Livestock production index (2004-2006 = 100)"",""AG.PRD.LVSK.XD"","""",""15.3"",""15.72"",""16.25"",""16.56"",""16.77"",""18.18"",""18.97"",""20.41"",""22"",""22.83"",""23.91"",""25.15"",""25.16"",""26.8"",""27.23"",""30.58"",""29.8"",""31.39"",""41.05"",""47.99"",""45.99"",""45.79"",""54.73"",""59.78"",""71.29"",""76.8"",""79.43"",""83.98"",""102.13"",""96.2"",""67.92"",""72.09"",""66.64"",""71.8"",""74.05"",""69.09"",""72.67"",""74.17"",""74.02"",""82.36"",""83.91"",""97.79"",""95.28"",""93.25"",""93.38"",""113.37"",""142.5"",""148.72"",""128.03"",""116.56"",""133.59"",""134.71"",""134.73"",""134.76"","""","""","""","
"Dominica,""DMA"",""Livestock production index (2004-2006 = 100)"",""AG.PRD.LVSK.XD"","""",""30.53"",""30.29"",""29.68"",""29.86"",""29.45"",""29.23"",""30.09"",""30.18"",""31.77"",""31.72"",""32.09"",""32.55"",""33.65"",""34.46"",""37.44"",""40.79"",""43.9"",""46.19"",""48.9"",""51.84"",""54.02"",""57.2"",""59.74"",""61.29"",""68.48"",""76.42"",""87.12"",""87.58"",""92.4"",""92.22"",""90.48"",""91.59"",""93.4"",""94.97"",""93.86"",""97.34"",""97.43"",""98.49"",""99.82"",""100.21"",""99.91"",""101.45"",""101.22"",""101.58"",""100.24"",""98.18"",""101.2"",""102.3"",""103.72"",""105.39"",""106.02"",""108.27"",""107.58"",""107.69"","""","""","""","
"Dominican Republic,""DOM"",""Livestock production index (2004-2006 = 100)"",""AG.PRD.LVSK.XD"","""",""19.36"",""19.19"",""19.07"",""19.66"",""19.85"",""20.83"",""21.96"",""24.22"",""25.39"",""25.97"",""28.18"",""30.25"",""31.92"",""32.25"",""32.05"",""34.61"",""35.88"",""36.58"",""40.7"",""41.89"",""41.52"",""42.12"",""44.93"",""45.62"",""47.32"",""46.69"",""47.87"",""51.99"",""55.27"",""58.85"",""62.64"",""65.4"",""69.2"",""68.64"",""70.25"",""72.51"",""73.62"",""74.42"",""73.86"",""80.67"",""81.97"",""84.36"",""73.16"",""84"",""102.64"",""113.35"",""120.56"",""116.03"",""119.04"",""123.23"",""113.84"",""107.1"",""112.09"",""111.68"","""","""","""","
"Ecuador,""ECU"",""Livestock production index (2004-2006 = 100)"",""AG.PRD.LVSK.XD"","""",""18.17"",""18.79"",""19.23"",""19.96"",""20.78"",""21.91"",""22.64"",""23.95"",""24.72"",""26.39"",""25.66"",""26.66"",""27.51"",""29.35"",""30.13"",""31.34"",""32.91"",""35.58"",""37.6"",""36.54"",""36.87"",""68.33"",""61.5"",""64.41"",""59.67"",""62.06"",""61.07"",""68.74"",""73.53"",""47.96"",""51.5"",""52.53"",""55.92"",""59.6"",""65.15"",""71.51"",""78.65"",""74.82"",""79.23"",""85.78"",""92.93"",""92.35"",""94.08"",""96.8"",""96.31"",""106.9"",""113.27"",""120.39"",""118.28"",""123.29"",""130.17"",""127.31"",""132.87"",""128.57"","""","""","""","
"Egypt, Arab Rep.,""EGY"",""Livestock production index (2004-2006 = 100)"",""AG.PRD.LVSK.XD"","""",""12.88"",""13.32"",""13.01"",""13.19"",""13.43"",""13.81"",""14.3"",""16.71"",""17.07"",""17.47"",""18.01"",""18.37"",""18.56"",""18.89"",""19.07"",""19.66"",""19.74"",""20.06"",""20.27"",""20.37"",""21.59"",""23.62"",""25.39"",""26.67"",""27.47"",""27.89"",""28.14"",""29.37"",""29.14"",""50.78"",""54.16"",""55.95"",""58.09"",""59.68"",""62.18"",""69.14"",""77.41"",""78.9"",""79.15"",""81.91"",""78.69"",""83.7"",""95.73"",""94.34"",""98.26"",""107.4"",""118.74"",""124.14"",""123.42"",""125.4"",""127.12"",""131.58"",""130.68"",""130.65"","""","""","""","
"El Salvador,""SLV"",""Livestock production index (2004-2006 = 100)"",""AG.PRD.LVSK.XD"","""",""31.07"",""31.44"",""33.65"",""31.62"",""32.93"",""34.38"",""34.71"",""33.67"",""35.53"",""35.32"",""35.71"",""38.01"",""40.76"",""45.66"",""46.13"",""55.74"",""52.33"",""57.37"",""57.41"",""56.9"",""50.27"",""47.89"",""44.69"",""49.25"",""52.93"",""54.55"",""53.52"",""57.99"",""62.76"",""62.46"",""65.98"",""67.02"",""69.63"",""71.21"",""69.67"",""71.17"",""81.01"",""80.19"",""81.28"",""90.42"",""84.39"",""93.2"",""90.6"",""92.92"",""101.39"",""105.69"",""107.8"",""108.59"",""109.08"",""107.63"",""105.09"",""107.15"",""105.91"",""108.34"","""","""","""","
"Fiji,""FJI"",""Livestock production index (2004-2006 = 100)"",""AG.PRD.LVSK.XD"","""",""23.84"",""25.24"",""27.01"",""34.33"",""33.44"",""34.95"",""36.89"",""36.92"",""42.12"",""43.99"",""48.02"",""44.21"",""48.5"",""48.37"",""50.04"",""50.53"",""56.55"",""59.64"",""63.79"",""67.93"",""70.68"",""68.43"",""69.11"",""69.5"",""74.55"",""80.07"",""80.64"",""81.7"",""86.58"",""92.08"",""94.32"",""92.52"",""88.54"",""93.84"",""94.9"",""96.5"",""96.17"",""94.71"",""92.27"",""92.68"",""93.78"",""97.49"",""97.59"",""97.96"",""99.65"",""102.4"",""106.49"",""105.84"",""96.33"",""102.25"",""115.53"",""104.94"",""109.32"",""111.4"","""","""","""","
"Finland,""FIN"",""Livestock production index (2004-2006 = 100)"",""AG.PRD.LVSK.XD"","""",""97.3"",""101.25"",""105.39"",""108.97"",""107.74"",""104.93"",""105.28"",""104.88"",""109.4"",""104.68"",""108"",""107.12"",""103.23"",""105.87"",""105.57"",""109.42"",""107.71"",""108.34"",""110.55"",""112.84"",""113.92"",""113.09"",""115.07"",""115.68"",""113.37"",""112.84"",""111.45"",""104.52"",""104.63"",""107.43"",""101.42"",""98.66"",""95.73"",""97.83"",""94.94"",""94.84"",""97.14"",""96.86"",""95.37"",""95.3"",""97.85"",""99.57"",""100.46"",""100.42"",""99.55"",""100.03"",""100.32"",""99.18"",""97.75"",""97.49"",""97.41"",""96.38"",""98.04"",""99.61"","""","""","""","
"France,""FRA"",""Livestock production index (2004-2006 = 100)"",""AG.PRD.LVSK.XD"","""",""68.97"",""69.31"",""69.85"",""68.84"",""72.22"",""73.12"",""77.31"",""79.73"",""78.29"",""79.34"",""81.76"",""82.67"",""83.78"",""88.76"",""88.8"",""90.25"",""88.88"",""90.94"",""96.11"",""98.31"",""99.93"",""99.89"",""100.56"",""102.81"",""100.6"",""101.28"",""101.36"",""99.76"",""97.78"",""99.12"",""102.38"",""102.58"",""101.43"",""101.25"",""103.88"",""105.34"",""106.12"",""106.01"",""104.9"",""104.02"",""104.25"",""106.14"",""104.64"",""101.87"",""100.88"",""97.25"",""98.36"",""97.45"",""96.2"",""99.3"",""100.01"",""99.87"",""100.11"",""100.89"","""","""","""","
"French Polynesia,""PYF"",""Livestock production index (2004-2006 = 100)"",""AG.PRD.LVSK.XD"","""",""30.13"",""30.34"",""31.47"",""32.21"",""33.35"",""35.7"",""40.45"",""39.52"",""41.76"",""51.53"",""45.13"",""46.05"",""48.93"",""50.75"",""52.61"",""55.2"",""66.56"",""66.78"",""68.53"",""70.39"",""68.28"",""64.34"",""63.11"",""74.31"",""76.66"",""82.79"",""81.31"",""82.9"",""89.58"",""91.72"",""93.81"",""93.78"",""91.13"",""93.76"",""99.11"",""87.37"",""87.45"",""88.18"",""97.5"",""97.16"",""103.05"",""97.02"",""95.75"",""99.5"",""102.29"",""98.21"",""104.89"",""106.73"",""114.62"",""111.51"",""125.05"",""127.38"",""112.63"",""103.01"","""","""","""","
"Gambia, The,""GMB"",""Livestock production index (2004-2006 = 100)"",""AG.PRD.LVSK.XD"","""",""44.52"",""46.71"",""49.55"",""51.66"",""54.04"",""56.69"",""59.27"",""62.2"",""65.17"",""68.9"",""71.07"",""75.05"",""75.06"",""74.4"",""75.04"",""75.23"",""73.33"",""73.21"",""73.47"",""73.76"",""72.81"",""72.77"",""72.78"",""71.36"",""73.36"",""73.72"",""75.51"",""76.64"",""77.78"",""76.16"",""78.6"",""80.56"",""82.08"",""84.12"",""83.41"",""81.44"",""83.61"",""82.79"",""83.27"",""84.57"",""83.78"",""86.79"",""98.45"",""100.57"",""101.55"",""97.88"",""101.62"",""104.43"",""106.48"",""107.18"",""99.48"",""101.29"",""99.09"",""87.91"","""","""","""","
"Germany,""DEU"",""Livestock production index (2004-2006 = 100)"",""AG.PRD.LVSK.XD"","""",""73.1"",""74.39"",""76.86"",""78.85"",""79.94"",""83.4"",""86.88"",""89.93"",""90.92"",""92.71"",""93.97"",""93.9"",""94.51"",""98.82"",""100.45"",""101.64"",""102.04"",""106.17"",""108.44"",""111.56"",""112.3"",""110.5"",""115.35"",""117.21"",""117.47"",""122.53"",""118.75"",""115.32"",""114.92"",""114.6"",""107.52"",""97.32"",""95.92"",""93.36"",""95.4"",""96.37"",""96.38"",""97.14"",""98.94"",""98.27"",""99.13"",""99.16"",""99.2"",""100.18"",""100.24"",""99.58"",""102.15"",""104.2"",""105.74"",""108.2"",""110.58"",""109.68"",""110.49"",""111.94"","""","""","""","
"Ghana,""GHA"",""Livestock production index (2004-2006 = 100)"",""AG.PRD.LVSK.XD"","""",""27.41"",""28.4"",""29.33"",""32.48"",""33.81"",""35.97"",""36.92"",""39.06"",""41.57"",""42.21"",""42.74"",""45.5"",""45.55"",""46.48"",""48.09"",""47.44"",""51.73"",""54.66"",""57.53"",""61.65"",""64.36"",""68.6"",""74.45"",""73.95"",""73.78"",""73.84"",""75.42"",""75.93"",""77.86"",""78.97"",""81"",""81.58"",""87.44"",""84.56"",""83.09"",""83.07"",""84.13"",""80.9"",""84.6"",""92.55"",""92.35"",""90.8"",""98.11"",""97.42"",""100.18"",""102.4"",""104.08"",""118.12"",""118.54"",""125.73"",""127.34"",""131.59"",""135.88"",""89.42"","""","""","""","
"Greece,""GRC"",""Livestock production index (2004-2006 = 100)"",""AG.PRD.LVSK.XD"","""",""41.43"",""45.71"",""48.83"",""50.24"",""53.4"",""58.22"",""60.98"",""59.7"",""65.73"",""69.39"",""72.15"",""76.01"",""81.49"",""90.72"",""95.39"",""97.03"",""95.68"",""96.87"",""99.47"",""99.44"",""98.12"",""98.12"",""97.17"",""97.6"",""95.64"",""95.41"",""97.65"",""98.68"",""99.04"",""99.57"",""99.46"",""98.71"",""98.46"",""98.54"",""100.32"",""99.43"",""95.74"",""95.67"",""94.42"",""93.41"",""94.65"",""95.38"",""97.39"",""99.27"",""101.95"",""98.77"",""95.33"",""98.59"",""96.35"",""94.98"",""97.02"",""93.67"",""91.39"",""92.38"","""","""","""","
"Guinea,""GIN"",""Livestock production index (2004-2006 = 100)"",""AG.PRD.LVSK.XD"","""",""28.53"",""29.3"",""30.24"",""31.15"",""31.96"",""33.25"",""32.38"",""32.89"",""31.49"",""31.89"",""31.98"",""32.46"",""34.12"",""35.35"",""36.6"",""37.11"",""37.52"",""38.02"",""38.34"",""38.78"",""39.13"",""39.33"",""40.12"",""39.79"",""35.85"",""30.26"",""33.85"",""39.01"",""39.97"",""42.99"",""45.6"",""48.68"",""52.2"",""55.84"",""61.04"",""64"",""67.01"",""70.49"",""73.9"",""77.88"",""80.46"",""84.1"",""89.24"",""94.47"",""99.86"",""105.67"",""110.33"",""117.52"",""124.29"",""133.72"",""130.77"",""137.37"",""139.86"",""132.83"","""","""","""","
"Guyana,""GUY"",""Livestock production index (2004-2006 = 100)"",""AG.PRD.LVSK.XD"","""",""36.44"",""37.98"",""38.92"",""43.1"",""46.31"",""48.22"",""49.88"",""56.16"",""62.28"",""63.31"",""66.98"",""70.26"",""74.01"",""68.41"",""73.13"",""77.19"",""76.81"",""70.26"",""60.98"",""61.6"",""60.6"",""49.24"",""36.9"",""35.43"",""33.1"",""35.22"",""39.82"",""43.44"",""39.44"",""38.08"",""39.19"",""49.46"",""52.26"",""56.84"",""56.15"",""70.42"",""71"",""68.36"",""69.01"",""67.65"",""69.63"",""78.46"",""99.54"",""102.35"",""100.93"",""96.72"",""110.7"",""105.73"",""118.1"",""112.79"",""114.61"",""126.12"",""128.02"",""124.23"","""","""","""","
"Haiti,""HTI"",""Livestock production index (2004-2006 = 100)"",""AG.PRD.LVSK.XD"","""",""39.09"",""39.96"",""41.11"",""42.15"",""43.55"",""44.43"",""48.21"",""49.3"",""50.81"",""52.59"",""54.25"",""56.43"",""57.34"",""58.65"",""60.24"",""62.07"",""60.99"",""64.51"",""62.44"",""60.12"",""59.81"",""64.43"",""66.35"",""67.92"",""68.41"",""68.54"",""66.1"",""64.58"",""62.7"",""59.35"",""61.3"",""65.47"",""68.25"",""69.45"",""64.7"",""70.45"",""72.14"",""78.19"",""78.66"",""92.57"",""95.31"",""98.47"",""99.52"",""99.33"",""100.72"",""99.95"",""101.82"",""101.44"",""102.98"",""104.46"",""105.58"",""106.58"",""106.59"",""106.54"","""","""","""","
"Honduras,""HND"",""Livestock production index (2004-2006 = 100)"",""AG.PRD.LVSK.XD"","""",""21.45"",""22.32"",""22.76"",""22.03"",""22.23"",""22.77"",""25.71"",""27.45"",""27.64"",""28.72"",""32.62"",""33.99"",""34.79"",""31.93"",""34.38"",""36.04"",""35.93"",""44.5"",""32.5"",""45.9"",""48.15"",""41.63"",""36.73"",""37.95"",""39.19"",""36.45"",""44.82"",""47.8"",""48.93"",""52.73"",""54.41"",""56.02"",""55.06"",""70.98"",""69.46"",""77.23"",""75.5"",""77.76"",""76.87"",""77.99"",""77.4"",""84.98"",""91.87"",""96.02"",""100.41"",""103.57"",""108.03"",""115.84"",""102.97"",""102.74"",""106.13"",""108.58"",""110.44"",""111.33"","""","""","""","
"India,""IND"",""Livestock production index (2004-2006 = 100)"",""AG.PRD.LVSK.XD"","""",""24.54"",""24.66"",""24.71"",""24.66"",""24.76"",""25.09"",""25.54"",""26.76"",""27.24"",""26.99"",""28.53"",""28.92"",""29.56"",""30.84"",""32.02"",""33.68"",""34.95"",""35.67"",""37.2"",""38.72"",""41.19"",""43.67"",""46.36"",""48.71"",""51.29"",""53.19"",""54.4"",""56"",""58.73"",""60.77"",""61.64"",""63.76"",""66.02"",""68.29"",""71.72"",""74.15"",""76.26"",""79.07"",""82.48"",""84.6"",""87.85"",""89.61"",""91.61"",""95.84"",""99.83"",""104.33"",""110.93"",""114.57"",""118.57"",""123.53"",""128.25"",""131.95"",""136.39"",""142.75"","""","""","""","
"Indonesia,""IDN"",""Livestock production index (2004-2006 = 100)"",""AG.PRD.LVSK.XD"","""",""17.09"",""17.9"",""17.89"",""18.64"",""18.89"",""18.52"",""18.38"",""19.63"",""19.73"",""21.94"",""22.71"",""23.87"",""24.46"",""25.94"",""26.41"",""27.53"",""27.81"",""28.57"",""30.92"",""32.97"",""34.6"",""36.57"",""41.08"",""44.12"",""46.95"",""52.04"",""53.51"",""55.68"",""58.98"",""63.1"",""67.05"",""71.63"",""77.29"",""82.75"",""79.6"",""83.47"",""83.17"",""73.1"",""69.03"",""74.45"",""80.45"",""89.77"",""94.46"",""99.52"",""95.26"",""105.22"",""104.5"",""105.87"",""109.95"",""117.7"",""127.26"",""133.97"",""140.11"",""138.58"","""","""","""","
"Ireland,""IRL"",""Livestock production index (2004-2006 = 100)"",""AG.PRD.LVSK.XD"","""",""45.32"",""43.74"",""45"",""47.39"",""46.46"",""48.77"",""55.45"",""55.13"",""55.09"",""54.57"",""60.88"",""59.84"",""57.25"",""65.13"",""75.24"",""67.33"",""73.6"",""80.39"",""77.13"",""84.25"",""73.56"",""78.27"",""84.56"",""88.8"",""92.25"",""95.66"",""91.98"",""89.14"",""87.28"",""96.41"",""98.31"",""100.9"",""103.14"",""97.18"",""97.93"",""99.12"",""97.92"",""102.21"",""110.44"",""105.51"",""101.23"",""97.98"",""99.48"",""99.01"",""99.46"",""101.53"",""103.26"",""97.21"",""95.8"",""102.25"",""102.2"",""96.68"",""99.88"",""102.06"","""","""","""","
"Israel,""ISR"",""Livestock production index (2004-2006 = 100)"",""AG.PRD.LVSK.XD"","""",""19.62"",""21.9"",""21.64"",""23.5"",""23.59"",""24.56"",""26.87"",""27.25"",""27.66"",""29.49"",""31.33"",""33.37"",""34.58"",""37.51"",""39.91"",""43.93"",""45.35"",""45.18"",""45.27"",""44.56"",""45.07"",""48.15"",""50.21"",""54.15"",""52.62"",""50.73"",""52.3"",""56.54"",""55.96"",""56.75"",""59.94"",""62.23"",""64.8"",""69.42"",""68.83"",""70.04"",""71.11"",""68.39"",""71.79"",""87.48"",""89.66"",""95.71"",""97.01"",""98.75"",""100.41"",""100.84"",""107.93"",""113.18"",""109.2"",""110.9"",""111.77"",""115.72"",""114.6"",""117.26"","""","""","""","
"Italy,""ITA"",""Livestock production index (2004-2006 = 100)"",""AG.PRD.LVSK.XD"","""",""53.56"",""55.02"",""49.89"",""53.74"",""57.62"",""62.6"",""63"",""66.1"",""67.6"",""69.5"",""69.26"",""68.8"",""73.24"",""75.93"",""74.57"",""76.88"",""82.22"",""83.88"",""87.63"",""89.9"",""89.59"",""90.07"",""93.09"",""94.92"",""93.75"",""90.97"",""93.31"",""94.09"",""92.88"",""96.92"",""97.39"",""98.45"",""97.27"",""98.24"",""99.74"",""101.97"",""101.59"",""100.17"",""102.79"",""99.38"",""102.48"",""103.83"",""101"",""101.18"",""100.32"",""98.5"",""100.86"",""104.22"",""102.71"",""102.8"",""98.18"",""96.52"",""92.93"",""95.73"","""","""","""","
"Jamaica,""JAM"",""Livestock production index (2004-2006 = 100)"",""AG.PRD.LVSK.XD"","""",""25.12"",""24.57"",""24.9"",""25.74"",""25.55"",""28.03"",""32.19"",""33.1"",""35.75"",""36.37"",""37.87"",""36.7"",""42"",""42.47"",""43.45"",""46.72"",""48.5"",""48.56"",""48.68"",""48.78"",""47.75"",""46.71"",""52.51"",""57.41"",""48.15"",""51.51"",""55.56"",""53.34"",""51.53"",""80.46"",""80.33"",""81.7"",""74.29"",""73.25"",""74.65"",""79.16"",""80.52"",""84.17"",""90.22"",""91.18"",""92.71"",""94.97"",""100.38"",""98.92"",""101.86"",""99.22"",""99.3"",""102.79"",""100.94"",""98.47"",""98.3"",""101.95"",""103.03"",""101.84"","""","""","""","
"Japan,""JPN"",""Livestock production index (2004-2006 = 100)"",""AG.PRD.LVSK.XD"","""",""30.25"",""34.83"",""36.42"",""41.33"",""43.83"",""44.2"",""47.26"",""50.5"",""55.98"",""62.26"",""65.56"",""68.1"",""68.22"",""72.3"",""72.32"",""73.14"",""79.36"",""85.4"",""90.04"",""91.57"",""91.72"",""94.53"",""96.95"",""99.16"",""102.96"",""103.96"",""105.81"",""107.22"",""108.01"",""107.35"",""107.19"",""108.62"",""108.35"",""105.86"",""104.08"",""102.91"",""102.55"",""101.71"",""101.54"",""100.7"",""97.8"",""100.82"",""100.26"",""100.07"",""99.62"",""100.31"",""101.13"",""101.34"",""102.29"",""101.45"",""99.02"",""101.7"",""101.4"",""100.01"","""","""","""","
"Jordan,""JOR"",""Livestock production index (2004-2006 = 100)"",""AG.PRD.LVSK.XD"","""",""9.58"",""10.94"",""12.64"",""15.06"",""18.98"",""20.54"",""14.02"",""14.96"",""15.04"",""14.81"",""20.06"",""19.3"",""21.62"",""17.66"",""20.61"",""18.84"",""20.86"",""21.63"",""22.35"",""23.61"",""24.44"",""25.53"",""32.52"",""39.88"",""45.33"",""45.83"",""45.7"",""43.99"",""38.02"",""44.91"",""56.21"",""68.81"",""79.44"",""74.17"",""78.39"",""81.31"",""84.86"",""82.25"",""85.3"",""86.8"",""85.72"",""85.72"",""94.33"",""99.53"",""100.55"",""99.92"",""114.91"",""128.93"",""128.14"",""139.9"",""144.35"",""144.93"",""147.46"",""144.8"","""","""","""","
"Kenya,""KEN"",""Livestock production index (2004-2006 = 100)"",""AG.PRD.LVSK.XD"","""",""23.87"",""23.8"",""22.51"",""23.85"",""25.03"",""25.03"",""25.13"",""26.63"",""27.16"",""29.55"",""31.04"",""32.18"",""32.15"",""32.22"",""32.44"",""33.96"",""39.48"",""40.94"",""42.22"",""40.38"",""38.06"",""42.94"",""46.3"",""47.44"",""49.2"",""53.81"",""58.94"",""64.2"",""64.75"",""63.51"",""63.67"",""63.11"",""62.1"",""62.33"",""62.97"",""63.28"",""66.25"",""66.22"",""71.85"",""69.37"",""75.88"",""82.73"",""86.17"",""93.69"",""101.49"",""104.83"",""107.74"",""112.23"",""119.82"",""119.92"",""119.62"",""115.31"",""116"",""114.1"","""","""","""","
"Korea, Dem. People’s Rep.,""PRK"",""Livestock production index (2004-2006 = 100)"",""AG.PRD.LVSK.XD"","""",""28.89"",""29.25"",""29.87"",""32.18"",""32.4"",""33.65"",""35.36"",""36.3"",""38.22"",""41.88"",""44.38"",""47.53"",""48.61"",""52.92"",""56.13"",""59.66"",""63.45"",""66.73"",""70.69"",""74.01"",""77.07"",""77.98"",""82.23"",""83.59"",""87.57"",""90.74"",""93.65"",""96.88"",""97.42"",""98.61"",""99.63"",""80.06"",""71.06"",""65.91"",""60.77"",""55.76"",""46.54"",""55.27"",""66.01"",""78.28"",""92.09"",""98.45"",""100.01"",""101"",""101.2"",""97.8"",""95.27"",""94.34"",""96.86"",""97.81"",""102.75"",""104.13"",""104.13"",""103.81"","""","""","""","
"Korea, Rep.,""KOR"",""Livestock production index (2004-2006 = 100)"",""AG.PRD.LVSK.XD"","""",""6.16"",""5.58"",""7.27"",""8.55"",""8.72"",""8.96"",""8.71"",""9.51"",""11.53"",""12.31"",""13.17"",""14.31"",""15.16"",""17.11"",""19.95"",""20.95"",""22.22"",""24.24"",""30.28"",""32.08"",""31.44"",""32.83"",""37.1"",""43.07"",""48.45"",""51.32"",""56.49"",""59.03"",""58.53"",""62.25"",""64.33"",""77.54"",""81.75"",""83.87"",""86.38"",""93.39"",""98.72"",""101.85"",""106.45"",""101.52"",""99.36"",""103.11"",""105.58"",""96.58"",""99.16"",""104.27"",""107.83"",""110.54"",""116.08"",""114.88"",""105.93"",""115.1"",""118.49"",""114.87"","""","""","""","
"Lao PDR,""LAO"",""Livestock production index (2004-2006 = 100)"",""AG.PRD.LVSK.XD"","""",""17.4"",""17.99"",""18.08"",""21.21"",""22.79"",""24.96"",""27.57"",""26.65"",""26.08"",""25.46"",""24.73"",""22.89"",""20.01"",""19.74"",""18.26"",""20.85"",""20.45"",""20.78"",""23.89"",""28.99"",""31.07"",""31.81"",""33.6"",""35.98"",""36.42"",""39.38"",""44.39"",""43.83"",""50.28"",""49.76"",""49.32"",""55.68"",""62.29"",""61.14"",""72.93"",""67.78"",""71.92"",""74.26"",""87.38"",""83.16"",""84.63"",""88.52"",""94.32"",""99.02"",""98.81"",""102.17"",""103.78"",""105.37"",""97.92"",""106.32"",""117.44"",""123.49"",""125.74"",""122.58"","""","""","""","
"Lebanon,""LBN"",""Livestock production index (2004-2006 = 100)"",""AG.PRD.LVSK.XD"","""",""16.81"",""20.29"",""22.1"",""26.12"",""28.24"",""33.01"",""32.34"",""32.16"",""30.49"",""31.43"",""32.5"",""35.32"",""34.42"",""36.91"",""31.66"",""17.71"",""18.57"",""30.25"",""43.74"",""54.17"",""54.43"",""56.5"",""53.97"",""51.48"",""50.58"",""51.35"",""52.81"",""52.92"",""51.95"",""54.32"",""57.71"",""58.54"",""59.71"",""60.09"",""60.16"",""64.04"",""73.93"",""78.08"",""80.18"",""86.57"",""85.9"",""95.43"",""99.3"",""102.12"",""100.26"",""97.61"",""104.85"",""112.33"",""99.35"",""73.69"",""84.92"",""89.58"",""93.83"",""94.58"","""","""","""","
"Lesotho,""LSO"",""Livestock production index (2004-2006 = 100)"",""AG.PRD.LVSK.XD"","""",""57.96"",""62.11"",""61.46"",""52.67"",""59.49"",""62.69"",""69"",""71.19"",""80.33"",""81.19"",""78.62"",""80.17"",""86.58"",""85.47"",""77.83"",""68.2"",""63.41"",""62.79"",""70.56"",""83.07"",""94.53"",""100.01"",""100.15"",""103.41"",""89.69"",""92.94"",""94.73"",""90.81"",""89.98"",""84.77"",""83.81"",""94.69"",""97.89"",""91.2"",""95.39"",""80.97"",""88.24"",""80.46"",""98.05"",""95.3"",""95.37"",""91.6"",""88.81"",""93.45"",""104"",""102.56"",""108.62"",""101.06"",""101.61"",""101.9"",""110.47"",""107.37"",""110.9"",""94.53"","""","""","""","
"Liberia,""LBR"",""Livestock production index (2004-2006 = 100)"",""AG.PRD.LVSK.XD"","""",""34.88"",""35.93"",""37"",""38.09"",""39.18"",""40.26"",""41.82"",""44.08"",""45.84"",""48.03"",""49.99"",""51.67"",""53.73"",""55.8"",""56.73"",""59.21"",""60.82"",""63"",""64.38"",""66.1"",""68.41"",""70.87"",""72.48"",""74.13"",""76.4"",""77.77"",""79.94"",""79.81"",""80.57"",""79.58"",""79.69"",""80.18"",""83.66"",""86.17"",""87.2"",""90.24"",""92.65"",""94.02"",""95.85"",""101.08"",""92.1"",""94.49"",""97.12"",""100.42"",""102.87"",""96.71"",""109.05"",""115.23"",""123.58"",""132.57"",""140.02"",""140.9"",""140.08"",""99.67"","""","""","""","
"Luxembourg,""LUX"",""Livestock production index (2004-2006 = 100)"",""AG.PRD.LVSK.XD"","""","""","""","""","""","""","""","""","""","""","""","""","""","""","""","""","""","""","""","""","""","""","""","""","""","""","""","""","""","""","""","""","""","""","""","""","""","""","""","""",""113.61"",""95.92"",""99.96"",""98.57"",""97.37"",""100.88"",""101.74"",""99.85"",""104.42"",""105.39"",""94.84"",""94.76"",""94.24"",""95.56"",""99.75"","""","""","""","
"Madagascar,""MDG"",""Livestock production index (2004-2006 = 100)"",""AG.PRD.LVSK.XD"","""",""64.12"",""66.72"",""67.48"",""68.91"",""63.46"",""75.48"",""76.16"",""77.96"",""76.07"",""75.94"",""73.22"",""77.34"",""77.39"",""77.37"",""79.39"",""79.4"",""65.64"",""94.84"",""84.89"",""87.14"",""89.77"",""88.71"",""88.29"",""90.59"",""91.33"",""93.07"",""94.1"",""97.05"",""97.59"",""98.5"",""100.84"",""101.56"",""102.56"",""103.55"",""106.23"",""107.44"",""108.75"",""106.28"",""104.81"",""102.13"",""89.73"",""87.78"",""89.55"",""91.3"",""103.65"",""105.05"",""106.05"",""111.29"",""115.48"",""116.98"",""121.43"",""124.57"",""124.63"",""120.52"","""","""","""","
"Malawi,""MWI"",""Livestock production index (2004-2006 = 100)"",""AG.PRD.LVSK.XD"","""",""19.93"",""20.92"",""22.87"",""23.29"",""23.52"",""24.7"",""28.69"",""30.1"",""35.3"",""35.59"",""34.61"",""35.11"",""37.57"",""39.93"",""41.4"",""44.8"",""47.56"",""49.74"",""48.74"",""51.74"",""61.51"",""64.14"",""60.08"",""60.27"",""53.31"",""67.13"",""68.13"",""65.74"",""65.65"",""67.9"",""71.44"",""72.63"",""72.41"",""67.56"",""72.13"",""86.88"",""76.16"",""80.76"",""82.92"",""93.25"",""97.97"",""85.89"",""89.98"",""98.9"",""96.37"",""104.73"",""123.82"",""145.69"",""161.25"",""160.04"",""183.32"",""208.32"",""254.43"",""215.2"","""","""","""","
"Malaysia,""MYS"",""Livestock production index (2004-2006 = 100)"",""AG.PRD.LVSK.XD"","""",""8.33"",""8.66"",""9.06"",""9.79"",""10.56"",""11.43"",""11.88"",""12.23"",""13.42"",""13.91"",""14.88"",""15.6"",""15.61"",""16.68"",""20.52"",""21.89"",""21.52"",""22.18"",""22.82"",""24.52"",""25.79"",""27.66"",""30.17"",""31.87"",""36.15"",""38.65"",""44.16"",""45.9"",""51.57"",""58.67"",""66.96"",""73.83"",""81.67"",""86.08"",""87.42"",""87.49"",""87.86"",""88.47"",""79.39"",""78.03"",""81.22"",""87.81"",""90.83"",""94.96"",""99.74"",""105.3"",""109.09"",""112.84"",""116.05"",""126.08"",""129.91"",""133.29"",""139.56"",""136.98"","""","""","""","
"Mali,""MLI"",""Livestock production index (2004-2006 = 100)"",""AG.PRD.LVSK.XD"","""",""27.55"",""28.86"",""30.7"",""32.7"",""35.21"",""36.68"",""38.46"",""39.5"",""41.68"",""42.22"",""41.26"",""36.39"",""30.2"",""32.11"",""36.29"",""38.66"",""40.31"",""45.35"",""47.6"",""51.95"",""58.49"",""60.38"",""56.14"",""53.4"",""45.96"",""51.24"",""50.75"",""52.66"",""54.3"",""56.73"",""64.05"",""59.84"",""60.73"",""61.64"",""63.4"",""64.72"",""66.31"",""68.81"",""71.25"",""75.04"",""77.82"",""80.72"",""87.5"",""94.54"",""99.76"",""105.7"",""122.81"",""138.68"",""140.3"",""144.16"",""148.87"",""129.98"",""131.42"",""129.58"","""","""","""","
"Malta,""MLT"",""Livestock production index (2004-2006 = 100)"",""AG.PRD.LVSK.XD"","""",""37.73"",""36.45"",""36.19"",""37.45"",""43.31"",""39.83"",""39.3"",""51.21"",""51.99"",""57.4"",""57.39"",""58.08"",""62.51"",""60.32"",""60.14"",""64.47"",""74.77"",""73.45"",""62.38"",""56.78"",""59.18"",""56.27"",""64.07"",""69.41"",""76.67"",""78.95"",""79.89"",""82.01"",""82.37"",""81.48"",""90.11"",""89.35"",""86.94"",""90.45"",""86.64"",""104.54"",""109.21"",""116.03"",""115.07"",""110.37"",""113.38"",""114.9"",""113.8"",""101.96"",""99.19"",""98.85"",""100.27"",""105.69"",""98.22"",""95.5"",""88.52"",""85.69"",""86.32"",""89.12"","""","""","""","
"Mauritania,""MRT"",""Livestock production index (2004-2006 = 100)"",""AG.PRD.LVSK.XD"","""",""55.46"",""56.78"",""57.74"",""59.48"",""60.96"",""63.18"",""64.42"",""66.98"",""64.32"",""64.69"",""64.96"",""62.31"",""54.88"",""51.34"",""52.56"",""58.09"",""62.68"",""65.46"",""66.65"",""69.89"",""71.61"",""69.84"",""67.45"",""64.72"",""67.78"",""67.89"",""67.91"",""69.39"",""73.04"",""79.26"",""80.34"",""77.23"",""71.12"",""70.37"",""73.28"",""77.95"",""77.75"",""80.44"",""82.64"",""86.49"",""90.52"",""94.6"",""95.52"",""98.02"",""99.62"",""102.36"",""102.07"",""98.93"",""101.18"",""105.76"",""107.38"",""110.73"",""112.42"",""112.13"","""","""","""","
"Mauritius,""MUS"",""Livestock production index (2004-2006 = 100)"",""AG.PRD.LVSK.XD"","""",""18.88"",""19.21"",""21.29"",""20.82"",""19.8"",""18.79"",""19.01"",""20.01"",""19.12"",""19.9"",""19.96"",""20.96"",""21.98"",""24.12"",""26.34"",""28.66"",""29.64"",""22.61"",""29.32"",""28.27"",""27.24"",""29.15"",""29.16"",""28.08"",""29.25"",""33.24"",""37.2"",""41.1"",""42.31"",""45.68"",""45.05"",""51.45"",""55.09"",""58.82"",""59.84"",""62.36"",""62.34"",""56.05"",""71.26"",""72.75"",""85.81"",""90.59"",""92.34"",""99.84"",""97.42"",""102.74"",""110.26"",""114.35"",""116.53"",""122.76"",""128.2"",""130.13"",""129.05"",""127.55"","""","""","""","
"Mexico,""MEX"",""Livestock production index (2004-2006 = 100)"",""AG.PRD.LVSK.XD"","""",""21.04"",""23.02"",""22.73"",""22.72"",""23.88"",""26.24"",""27.03"",""28.17"",""29.47"",""29.45"",""29.6"",""33.59"",""34.13"",""35.63"",""38.68"",""42.73"",""46.06"",""48.42"",""48"",""51.1"",""54.05"",""55.47"",""58.8"",""56.67"",""57.27"",""62.26"",""61.33"",""59.2"",""55.01"",""59.91"",""62.99"",""65.03"",""69.48"",""70.92"",""76.42"",""69.96"",""73.48"",""77.84"",""82.79"",""86.83"",""89.35"",""91.1"",""93.78"",""97.47"",""99.15"",""103.37"",""103.79"",""104.44"",""106.85"",""109.4"",""114.33"",""113.47"",""113.18"",""114.98"","""","""","""","
"Morocco,""MAR"",""Livestock production index (2004-2006 = 100)"",""AG.PRD.LVSK.XD"","""",""27.96"",""26.33"",""25.6"",""25.39"",""27.6"",""29.24"",""30.52"",""32.34"",""33.28"",""33.68"",""33.9"",""36.67"",""36.54"",""35.47"",""32.89"",""31.84"",""34.63"",""37.26"",""40.21"",""41.44"",""47.13"",""47.29"",""44.23"",""44.02"",""43.05"",""48.43"",""57.11"",""63.28"",""71.2"",""71.44"",""71.88"",""73.73"",""71.99"",""69.51"",""72.52"",""70.09"",""82.87"",""78.26"",""87.45"",""87.95"",""88.5"",""93.63"",""92.92"",""93.86"",""101.46"",""104.67"",""108.2"",""113.6"",""122.59"",""132.2"",""139.21"",""142.83"",""138.32"",""130.98"","""","""","""","
"Mozambique,""MOZ"",""Livestock production index (2004-2006 = 100)"",""AG.PRD.LVSK.XD"","""",""32.34"",""33.7"",""34.63"",""35.88"",""38.57"",""38.43"",""40.28"",""42.59"",""43.23"",""45.11"",""47.16"",""48.25"",""50.07"",""51.32"",""51.24"",""44.01"",""46.94"",""48.17"",""49.83"",""51.2"",""52.41"",""52.15"",""51.73"",""53.15"",""54.96"",""52.18"",""51.09"",""52.81"",""53.12"",""44.4"",""45.99"",""46.64"",""48.1"",""47.92"",""97.16"",""100.78"",""102.23"",""103.73"",""104.94"",""107.13"",""104.73"",""103.46"",""95.46"",""101.95"",""107.8"",""90.25"",""102.41"",""109.6"",""100.98"",""103.6"",""111.12"",""126.95"",""128.75"",""123.21"","""","""","""","
"Myanmar,""MMR"",""Livestock production index (2004-2006 = 100)"",""AG.PRD.LVSK.XD"","""",""12.26"",""12.45"",""13.44"",""14.37"",""15.35"",""16.28"",""17.44"",""17.72"",""18.44"",""19.48"",""19.88"",""19.79"",""21.48"",""21.07"",""21.9"",""22.85"",""23.39"",""24.29"",""25.95"",""27.09"",""29.33"",""31.35"",""33.4"",""35.8"",""37.01"",""37.06"",""38.13"",""39.34"",""31.52"",""25.44"",""26.17"",""27.37"",""28.24"",""31.26"",""33.44"",""36.2"",""37.97"",""41.04"",""43.91"",""50.27"",""55.14"",""62.75"",""73.87"",""85.73"",""100.61"",""113.66"",""123.58"",""136.22"",""155.35"",""175.13"",""187.25"",""193.03"",""200.58"",""202.29"","""","""","""","
"Nepal,""NPL"",""Livestock production index (2004-2006 = 100)"",""AG.PRD.LVSK.XD"","""",""30.04"",""30.7"",""31.62"",""32.06"",""32.67"",""32.95"",""33.96"",""34.89"",""35.88"",""36.48"",""37.81"",""39.1"",""40.34"",""41.82"",""43.83"",""45.09"",""46.62"",""47.9"",""48.99"",""51.29"",""54.14"",""58.52"",""61.1"",""60.96"",""61.34"",""62.79"",""63.65"",""66.17"",""67.64"",""70.66"",""71.97"",""72.23"",""72.79"",""76.29"",""78.05"",""79.25"",""83.47"",""85.97"",""88.12"",""89.22"",""91.28"",""93.29"",""95.68"",""97.54"",""100.36"",""102.1"",""105.4"",""107.83"",""112.32"",""114.95"",""119.92"",""150.79"",""135.45"",""138.1"","""","""","""","
"Netherlands,""NLD"",""Livestock production index (2004-2006 = 100)"",""AG.PRD.LVSK.XD"","""",""44.08"",""46.68"",""47.45"",""45.2"",""47.68"",""48.82"",""52.38"",""55.63"",""56.76"",""62.33"",""64.98"",""65.53"",""68.11"",""75.01"",""77.01"",""79.03"",""80.49"",""85.49"",""89.86"",""93.2"",""97.09"",""99.4"",""102.68"",""104.84"",""106.05"",""108.27"",""106.21"",""106.24"",""101.64"",""106.06"",""105.69"",""109.57"",""109.95"",""109.18"",""108.36"",""109.95"",""97.77"",""105.78"",""107.33"",""106.46"",""102.54"",""99.31"",""94.93"",""98.33"",""99.61"",""102.05"",""103.82"",""106.67"",""110.46"",""115.14"",""114.74"",""113.73"",""115.48"",""117.42"","""","""","""","
"New Zealand,""NZL"",""Livestock production index (2004-2006 = 100)"",""AG.PRD.LVSK.XD"","""",""46.56"",""48.79"",""49.29"",""50.72"",""51.6"",""53.06"",""55"",""57.6"",""59.49"",""58.36"",""58.87"",""60.71"",""60.27"",""55.54"",""60.23"",""66.59"",""64.14"",""62.74"",""62.8"",""65.55"",""68.2"",""68.73"",""70.74"",""70.41"",""75.26"",""72.11"",""71.23"",""73.81"",""71.57"",""67.54"",""71.94"",""72.94"",""74.25"",""77.22"",""78.46"",""79.98"",""85.12"",""85.88"",""81.03"",""86.45"",""90.93"",""91.9"",""97.49"",""100.92"",""98.75"",""100.33"",""102.15"",""100.23"",""101.29"",""102.66"",""103.27"",""108.77"",""108.95"",""116.04"","""","""","""","
"Nicaragua,""NIC"",""Livestock production index (2004-2006 = 100)"",""AG.PRD.LVSK.XD"","""",""27.83"",""28.48"",""32.2"",""32.32"",""32.11"",""35.88"",""37.66"",""42.19"",""46.62"",""51.56"",""52.62"",""56.6"",""53.73"",""48.86"",""59.93"",""66.44"",""71.3"",""74.69"",""89.13"",""51.83"",""38.3"",""44.11"",""42.79"",""44.12"",""42.28"",""39.54"",""36.24"",""35.25"",""42.78"",""45.32"",""40.51"",""44.78"",""52.32"",""51.02"",""47.95"",""48.57"",""51.37"",""50.79"",""64.8"",""78.61"",""80.99"",""82.97"",""86.64"",""95.3"",""99.64"",""105.06"",""113.14"",""114.19"",""122.62"",""130.79"",""133.12"",""124.29"",""136.27"",""131.96"","""","""","""","
"Niger,""NER"",""Livestock production index (2004-2006 = 100)"",""AG.PRD.LVSK.XD"","""",""23.84"",""24.94"",""26.09"",""26.85"",""27.45"",""28.93"",""30.8"",""34.47"",""34.23"",""36.59"",""34.25"",""34.57"",""30.69"",""30.74"",""32.04"",""32.81"",""44.03"",""43.64"",""41.01"",""46.19"",""46.55"",""47.12"",""47.34"",""41.94"",""32.63"",""34.82"",""38.06"",""40.6"",""42.69"",""46.28"",""47.15"",""50.98"",""53.44"",""54.96"",""54.83"",""66.97"",""67.59"",""70.88"",""74.02"",""79.59"",""85.49"",""87.17"",""90.48"",""94.96"",""100.28"",""104.76"",""109.49"",""116.69"",""105.91"",""108.58"",""100.21"",""101.73"",""103.37"",""98.98"","""","""","""","
"Nigeria,""NGA"",""Livestock production index (2004-2006 = 100)"",""AG.PRD.LVSK.XD"","""",""22.31"",""20.57"",""20.86"",""22.82"",""23.94"",""23.36"",""25.88"",""25.71"",""29.68"",""30.47"",""30.01"",""28.06"",""32.44"",""34.77"",""35.1"",""41.52"",""39.54"",""41.92"",""45.13"",""54.53"",""51.64"",""55.36"",""60.24"",""62.16"",""69.63"",""61.14"",""62.46"",""60.32"",""59.2"",""60.21"",""59.87"",""60.73"",""66.9"",""72.61"",""74.01"",""75.51"",""78.51"",""85.44"",""88.82"",""86.3"",""93.85"",""99.68"",""96.86"",""100.74"",""101.98"",""97.28"",""107.32"",""110.1"",""114.51"",""116.3"",""118.91"",""121.02"",""123.66"",""109.4"","""","""","""","
"Norway,""NOR"",""Livestock production index (2004-2006 = 100)"",""AG.PRD.LVSK.XD"","""",""74.55"",""79.86"",""79.21"",""79.62"",""78.82"",""81.03"",""82.15"",""83.98"",""84.09"",""82.37"",""83.61"",""86.55"",""87.89"",""90.15"",""90.32"",""89.88"",""92.13"",""93.97"",""94.85"",""97.19"",""99.9"",""103.18"",""101.14"",""100.58"",""100.47"",""101.01"",""103.8"",""103.47"",""101.58"",""103.12"",""97.96"",""99.76"",""100.09"",""101.3"",""100.96"",""104.86"",""103.24"",""102.17"",""109.01"",""100.68"",""99.84"",""99.82"",""97.33"",""99.82"",""99.72"",""100.46"",""101.56"",""104.59"",""103.23"",""104.5"",""103.28"",""105.14"",""108.81"",""105.32"","""","""","""","
"Pakistan,""PAK"",""Livestock production index (2004-2006 = 100)"",""AG.PRD.LVSK.XD"","""",""19.84"",""20.43"",""20.95"",""21.56"",""22.08"",""22.37"",""22.9"",""23.5"",""24.14"",""24.75"",""25.37"",""26.07"",""26.88"",""27.65"",""28.35"",""29.22"",""30.12"",""30.99"",""31.98"",""33.04"",""34.05"",""35.24"",""36.46"",""38.77"",""41.13"",""44.86"",""47.49"",""50.61"",""53.39"",""56.13"",""58.86"",""62.19"",""66.31"",""70.14"",""74.02"",""75.9"",""79.57"",""80.55"",""83.13"",""85.56"",""87.92"",""90.44"",""93.21"",""95.64"",""98.3"",""106.06"",""109.65"",""113.37"",""117.38"",""121.71"",""126.03"",""130.42"",""135.06"",""136.15"","""","""","""","
"Panama,""PAN"",""Livestock production index (2004-2006 = 100)"",""AG.PRD.LVSK.XD"","""",""21.26"",""23.92"",""24.44"",""24.98"",""26.7"",""29.03"",""29.06"",""29.69"",""32.18"",""32.71"",""35.91"",""37.71"",""36.67"",""37.93"",""41.35"",""44.75"",""45.16"",""42.61"",""41.48"",""45.72"",""49.98"",""54.63"",""56.36"",""58.27"",""59.7"",""61.87"",""61.79"",""56.86"",""59.52"",""65.12"",""68.51"",""66.47"",""71.99"",""71.3"",""78.2"",""80.86"",""89.47"",""97"",""92.6"",""95.14"",""98.45"",""96.46"",""93.32"",""95.75"",""100.75"",""103.5"",""109.93"",""112.09"",""116.41"",""121.66"",""130.45"",""140.27"",""136.71"",""137.71"","""","""","""","
"Papua New Guinea,""PNG"",""Livestock production index (2004-2006 = 100)"",""AG.PRD.LVSK.XD"","""",""34.21"",""35.07"",""35.69"",""36.55"",""37.15"",""38.58"",""39.52"",""40.17"",""41.56"",""42.5"",""43.17"",""44.13"",""44.86"",""46.3"",""47.09"",""48.33"",""49.23"",""49.66"",""51.18"",""52.61"",""54.13"",""55.38"",""56.88"",""58.23"",""59.71"",""61.1"",""62.51"",""63.91"",""65.32"",""66.74"",""68.07"",""70.04"",""72.15"",""74.21"",""76.22"",""77.79"",""79.58"",""81.31"",""82.61"",""83.96"",""87.69"",""91.01"",""93.6"",""96.21"",""98.7"",""105.1"",""108.01"",""110.58"",""112.2"",""107.48"",""112.97"",""113.21"",""112.74"",""16.26"","""","""","""","
"Paraguay,""PRY"",""Livestock production index (2004-2006 = 100)"",""AG.PRD.LVSK.XD"","""",""35.16"",""32.82"",""31.11"",""33.77"",""36.23"",""36.32"",""36.85"",""37.63"",""36.74"",""39.44"",""39.71"",""40.5"",""37.49"",""38.15"",""35.62"",""36.81"",""42.18"",""41.62"",""42.79"",""43.45"",""44.3"",""43.88"",""46.22"",""47.83"",""49.05"",""50.57"",""47.58"",""54.69"",""64.66"",""69.43"",""76.29"",""80.91"",""80.91"",""74.75"",""71.69"",""77.36"",""86.53"",""90.55"",""85.97"",""91.18"",""89.76"",""93.32"",""92.65"",""89.84"",""98.16"",""111.99"",""101.46"",""108.07"",""113.5"",""123.2"",""125.37"",""131.41"",""133.71"",""130.98"","""","""","""","
"Peru,""PER"",""Livestock production index (2004-2006 = 100)"",""AG.PRD.LVSK.XD"","""",""28.39"",""28.07"",""27.55"",""31.31"",""32.18"",""32.2"",""31.82"",""32.64"",""34.49"",""35.91"",""38.37"",""37.41"",""37.7"",""40.17"",""42.16"",""43.25"",""43.54"",""42.29"",""41.87"",""42.54"",""46.13"",""48.1"",""50.1"",""47.13"",""48.69"",""50.27"",""56.17"",""59.9"",""52.59"",""55.35"",""57.47"",""59.23"",""57.95"",""58.75"",""62.37"",""66.24"",""72.4"",""73.67"",""78.85"",""83.78"",""83.1"",""87.78"",""90.15"",""92.18"",""99.12"",""108.7"",""112.95"",""121.74"",""128.56"",""133.89"",""141.03"",""148.18"",""152.71"",""148.47"","""","""","""","
"Philippines,""PHL"",""Livestock production index (2004-2006 = 100)"",""AG.PRD.LVSK.XD"","""",""15.15"",""16.97"",""18.01"",""18.89"",""20.41"",""22.59"",""22.73"",""24.38"",""25.39"",""24.13"",""24.9"",""24.75"",""28.9"",""35.34"",""30.04"",""29.27"",""31"",""32.52"",""36.07"",""38.87"",""39.04"",""37.5"",""39.75"",""40.59"",""34.13"",""37.23"",""39.96"",""43.68"",""49.3"",""48.23"",""54.76"",""55.55"",""59.52"",""61.12"",""64.18"",""69.37"",""73.75"",""76.76"",""80.59"",""84.17"",""89.16"",""92.97"",""95.4"",""96.76"",""98.46"",""104.78"",""112.37"",""114.12"",""115.71"",""118.24"",""120.41"",""122.87"",""126.44"",""123.31"","""","""","""","
"Poland,""POL"",""Livestock production index (2004-2006 = 100)"",""AG.PRD.LVSK.XD"","""",""75.72"",""76.74"",""74.26"",""74.49"",""79.57"",""83.17"",""85.12"",""86.61"",""88.61"",""88.74"",""89.71"",""95.62"",""101.6"",""109.9"",""109.71"",""109.3"",""110.3"",""115.25"",""117.04"",""113.52"",""98.03"",""100.62"",""102.14"",""105.2"",""108.9"",""112.17"",""110.98"",""112.28"",""113.71"",""114.75"",""107.3"",""100.16"",""93.16"",""87.01"",""89.23"",""92.8"",""92.6"",""97.68"",""96.48"",""93.42"",""92.41"",""96.87"",""99.48"",""96.78"",""98.82"",""104.4"",""106.43"",""100.81"",""102.9"",""105.04"",""104.82"",""107.07"",""108.06"",""107.61"","""","""","""","
"Portugal,""PRT"",""Livestock production index (2004-2006 = 100)"",""AG.PRD.LVSK.XD"","""",""30.91"",""32.46"",""32.72"",""32.96"",""36.16"",""36.99"",""36.34"",""37.55"",""42.85"",""44.01"",""41.97"",""43.19"",""46.81"",""48.88"",""52.29"",""50.88"",""53.71"",""56.23"",""56.05"",""60.04"",""64.15"",""65.33"",""62.89"",""59.86"",""60.33"",""63.69"",""71.1"",""73.18"",""79.45"",""85.15"",""87.77"",""89.86"",""91.73"",""90.54"",""92.59"",""93.62"",""96.35"",""99.32"",""101.11"",""101.46"",""99.78"",""101.79"",""97.14"",""99.84"",""102.13"",""98.03"",""100.78"",""107.21"",""105.9"",""106.93"",""104.01"",""100.71"",""101.56"",""103.73"","""","""","""","
"Romania,""ROU"",""Livestock production index (2004-2006 = 100)"",""AG.PRD.LVSK.XD"","""",""52.57"",""54.43"",""50.04"",""54.61"",""58.35"",""64.25"",""70.02"",""72.34"",""72.57"",""75.45"",""76.09"",""85.58"",""93.61"",""97.48"",""101.62"",""107.16"",""115.65"",""116.5"",""127.22"",""116.48"",""114.61"",""106.52"",""107.77"",""116.06"",""116.2"",""111.92"",""114.44"",""110.99"",""105.16"",""116.38"",""117.96"",""108.36"",""107.37"",""108.61"",""102.9"",""99.95"",""99.97"",""94.74"",""96.14"",""90.09"",""88.92"",""96.27"",""104.88"",""99.65"",""100.51"",""99.84"",""104.08"",""100.54"",""99.24"",""94.15"",""94.9"",""92.28"",""88.57"",""91.61"","""","""","""","
"Russian Federation,""RUS"",""Livestock production index (2004-2006 = 100)"",""AG.PRD.LVSK.XD"","""","""","""","""","""","""","""","""","""","""","""","""","""","""","""","""","""","""","""","""","""","""","""","""","""","""","""","""","""","""","""","""",""149.12"",""142.49"",""128.2"",""114.05"",""108.03"",""99.42"",""99.72"",""94.98"",""96.65"",""94.28"",""98.05"",""99.06"",""100.22"",""98.89"",""100.89"",""106.35"",""110.45"",""113.36"",""115.63"",""117.86"",""120.85"",""122.23"",""118.85"","""","""","""","
"Rwanda,""RWA"",""Livestock production index (2004-2006 = 100)"",""AG.PRD.LVSK.XD"","""",""21.83"",""22.39"",""23.38"",""23.26"",""23.2"",""23.81"",""25.71"",""24.85"",""26.31"",""28.03"",""31.29"",""31.86"",""33.87"",""33.63"",""40.4"",""45.05"",""46.37"",""45.31"",""44.41"",""49.52"",""51.49"",""52.79"",""52.14"",""51.51"",""56.16"",""56.8"",""55.51"",""57.66"",""59.12"",""59.6"",""61.6"",""60.33"",""57.92"",""54.81"",""50.27"",""54.22"",""56.97"",""65.59"",""73.5"",""74.71"",""80.26"",""81.48"",""88.77"",""95.21"",""97.66"",""107.13"",""113.56"",""122.57"",""124.33"",""132.23"",""133.86"",""136.49"",""139.44"",""122.03"","""","""","""","
"Samoa,""WSM"",""Livestock production index (2004-2006 = 100)"",""AG.PRD.LVSK.XD"","""",""32.2"",""34.76"",""40.25"",""43.82"",""45.35"",""41.54"",""41.69"",""45.24"",""47.47"",""43.9"",""44.7"",""42.13"",""45.24"",""43.64"",""44.49"",""47.97"",""51.59"",""54.07"",""55.4"",""63.32"",""60.06"",""66.09"",""69.18"",""75.53"",""80.32"",""80.99"",""88.36"",""90.34"",""98.83"",""101.26"",""97.32"",""93.31"",""89.36"",""96.11"",""87.56"",""93.23"",""92.98"",""93.64"",""94.62"",""96.15"",""102.58"",""97.91"",""99.97"",""99.93"",""99.92"",""100.16"",""100.37"",""100.53"",""100.36"",""100.05"",""98.91"",""108.44"",""110.27"",""105.63"","""","""","""","
"Sao Tome and Principe,""STP"",""Livestock production index (2004-2006 = 100)"",""AG.PRD.LVSK.XD"","""",""38.74"",""41.76"",""44.5"",""33.43"",""31.13"",""32.86"",""31.74"",""39.02"",""33.68"",""30.98"",""36.15"",""29.74"",""39.12"",""26.59"",""32.27"",""42.23"",""34.88"",""34.8"",""33.12"",""33.2"",""37.36"",""39.17"",""40.17"",""41.47"",""42.81"",""43.01"",""44.56"",""44.62"",""45.65"",""46.02"",""56.63"",""68.46"",""65.26"",""65.71"",""62.34"",""67.96"",""70.66"",""73.15"",""77.26"",""85.21"",""88.65"",""93.03"",""96.21"",""98.6"",""100.24"",""101.17"",""104.63"",""108.83"",""117"",""123.21"",""128.75"",""135.23"",""137.11"",""133.62"","""","""","""","
"Senegal,""SEN"",""Livestock production index (2004-2006 = 100)"",""AG.PRD.LVSK.XD"","""",""32.11"",""34.71"",""38.28"",""40.53"",""41.79"",""44.42"",""47.82"",""48.85"",""51.07"",""51.08"",""52.87"",""52.26"",""50.29"",""46.2"",""49.36"",""51.31"",""53.21"",""56.06"",""56.12"",""53.96"",""58.82"",""60.22"",""58.34"",""57.26"",""61.29"",""69.66"",""70.8"",""70.35"",""73.32"",""74.93"",""79.12"",""77.94"",""79.79"",""81.38"",""80.1"",""79.49"",""81.76"",""81.4"",""86.34"",""92.41"",""95.19"",""86.22"",""92.71"",""92.77"",""100.87"",""106.36"",""100.49"",""109.01"",""118.43"",""124.11"",""124.02"",""127.21"",""131.06"",""129.93"","""","""","""","
"Sierra Leone,""SLE"",""Livestock production index (2004-2006 = 100)"",""AG.PRD.LVSK.XD"","""",""45.37"",""47.66"",""49.89"",""51.54"",""54.03"",""55.01"",""56.94"",""58.4"",""58.26"",""58.17"",""58.78"",""59.89"",""61.9"",""62.83"",""65.05"",""66.53"",""68.79"",""70.99"",""73.69"",""76.43"",""79.59"",""82.89"",""81.02"",""78.16"",""79.86"",""82.52"",""86.61"",""86.67"",""87.93"",""89.26"",""89.58"",""91.92"",""95.3"",""98.42"",""97.45"",""93.42"",""90.48"",""90.29"",""85.13"",""76.39"",""48.84"",""53.45"",""70.51"",""83.23"",""98.76"",""118.01"",""128.01"",""144.77"",""168.43"",""181.92"",""191.06"",""195.11"",""197.36"",""174.74"","""","""","""","
"Singapore,""SGP"",""Livestock production index (2004-2006 = 100)"",""AG.PRD.LVSK.XD"","""",""439.58"",""436.98"",""430.66"",""436.09"",""458.96"",""478.66"",""487.11"",""522.99"",""688.08"",""687.21"",""776.75"",""901.8"",""912.27"",""946.9"",""1059.88"",""1167.16"",""1191.06"",""1171.2"",""1192.09"",""1224.92"",""1151.86"",""1103.64"",""1117.67"",""1112.33"",""959.24"",""869.01"",""769.96"",""586.45"",""581.21"",""561.21"",""479.44"",""389.32"",""252.04"",""185.41"",""184.25"",""146.89"",""203.88"",""178.42"",""190.79"",""71.83"",""72.24"",""96.93"",""104.29"",""120.41"",""88.68"",""90.91"",""95.26"",""87.51"",""88.71"",""87.89"",""97.4"",""101.18"",""108.83"",""107.84"","""","""","""","
"Somalia,""SOM"",""Livestock production index (2004-2006 = 100)"",""AG.PRD.LVSK.XD"","""",""45.46"",""47.19"",""49.84"",""51.77"",""53.05"",""55.29"",""57.84"",""61.17"",""62.46"",""63.46"",""63.17"",""65.92"",""63.75"",""60.57"",""67.53"",""68.6"",""73.59"",""77.27"",""78.72"",""82.48"",""83.59"",""86.17"",""83.81"",""81.86"",""87.01"",""86.01"",""91.89"",""94.74"",""94.97"",""87.95"",""74.75"",""66.56"",""74.85"",""83.53"",""89.47"",""91.39"",""95.46"",""93.82"",""92.17"",""91.56"",""90.6"",""93.69"",""97.35"",""98.29"",""101.54"",""100.18"",""99.6"",""99.05"",""102.5"",""104.74"",""111.02"",""111.04"",""118.28"",""113.97"","""","""","""","
"South Africa,""ZAF"",""Livestock production index (2004-2006 = 100)"",""AG.PRD.LVSK.XD"","""",""47.62"",""48.24"",""47.2"",""49.47"",""53.93"",""54.51"",""52.75"",""54.15"",""57.62"",""55.08"",""55.31"",""59.26"",""58.14"",""57.44"",""60.75"",""61.79"",""63.52"",""65.64"",""69.44"",""67.49"",""63.87"",""69.87"",""71.77"",""72.57"",""73.27"",""69.15"",""70.18"",""69.17"",""70.13"",""79.99"",""80.92"",""82.13"",""80.68"",""78.27"",""73.96"",""73.78"",""77.52"",""75.8"",""78.54"",""89.41"",""85.35"",""88.81"",""91.93"",""95.02"",""98.59"",""106.39"",""113.42"",""124"",""125.04"",""129.46"",""127.43"",""130.06"",""130.47"",""127.93"","""","""","""","
"Spain,""ESP"",""Livestock production index (2004-2006 = 100)"",""AG.PRD.LVSK.XD"","""",""21.08"",""21.42"",""24.46"",""26.2"",""24.43"",""28.31"",""30.69"",""32.33"",""34.29"",""38.24"",""38.25"",""39.58"",""43.51"",""47.3"",""47.97"",""50.4"",""52.73"",""53.82"",""56.16"",""61.89"",""63.86"",""65.69"",""66.04"",""66.65"",""65.98"",""65.21"",""67.34"",""70.75"",""69.34"",""72.13"",""75.89"",""75.34"",""76.54"",""77.09"",""79.7"",""82.84"",""84.96"",""92.39"",""94.74"",""95.34"",""97.69"",""102.15"",""104.38"",""101.99"",""99.51"",""98.49"",""99.44"",""102.54"",""98.13"",""99.63"",""102.67"",""101.26"",""100.18"",""102.48"","""","""","""","
"Sri Lanka,""LKA"",""Livestock production index (2004-2006 = 100)"",""AG.PRD.LVSK.XD"","""",""43.87"",""46.5"",""53.97"",""60.35"",""61.94"",""58.14"",""58.47"",""61.99"",""61.06"",""61.31"",""65.94"",""64.95"",""64.81"",""64.77"",""67.14"",""67.58"",""65.74"",""64.11"",""65.42"",""70.8"",""74.13"",""70.62"",""74.3"",""79.04"",""79.59"",""63.73"",""70.62"",""67.96"",""69.84"",""76.09"",""80.28"",""89.03"",""92.68"",""99.46"",""102.19"",""99.96"",""100.04"",""82.37"",""80.99"",""88.31"",""95.87"",""97.02"",""99.45"",""101.8"",""104.14"",""94.06"",""101.74"",""103.83"",""107.57"",""115.54"",""112.14"",""131.81"",""134.05"",""130.48"","""","""","""","
"St. Lucia,""LCA"",""Livestock production index (2004-2006 = 100)"",""AG.PRD.LVSK.XD"","""",""48.96"",""48.88"",""50.29"",""51.15"",""50.37"",""53.6"",""51.16"",""51.11"",""53.02"",""55.63"",""52.47"",""53.34"",""56.06"",""57.19"",""57.31"",""64.34"",""65.57"",""69.19"",""67.33"",""70.05"",""72.48"",""73.79"",""76.84"",""80.78"",""81.07"",""79.96"",""79.12"",""80.1"",""77.31"",""77.87"",""79.73"",""81.63"",""82.16"",""85.38"",""84.24"",""80.04"",""79.87"",""80.08"",""87.72"",""77.16"",""79.58"",""99.8"",""104.74"",""104.67"",""98.81"",""96.51"",""124.47"",""122.39"",""129.8"",""127.26"",""128.16"",""127.13"",""127.27"",""128.24"","""","""","""","
"Sweden,""SWE"",""Livestock production index (2004-2006 = 100)"",""AG.PRD.LVSK.XD"","""",""96.3"",""99.35"",""97.51"",""95.13"",""95.34"",""97.36"",""94.07"",""93.84"",""93.03"",""88.56"",""87.18"",""88.43"",""88.64"",""93.28"",""94.71"",""97.59"",""98.28"",""100"",""102.81"",""105.35"",""106.71"",""110.37"",""110.84"",""111.98"",""111.37"",""105.14"",""99.68"",""99.4"",""103.77"",""103.47"",""96.29"",""95.49"",""101.18"",""103.91"",""103.05"",""102.64"",""105.49"",""104.61"",""105.66"",""103.16"",""102.2"",""102.46"",""101.46"",""102.55"",""99.18"",""98.27"",""96.16"",""96.72"",""96.06"",""95.72"",""95.1"",""92.15"",""92.95"",""92.26"","""","""","""","
"Switzerland,""CHE"",""Livestock production index (2004-2006 = 100)"",""AG.PRD.LVSK.XD"","""",""71.64"",""73.18"",""73.19"",""72.7"",""75.95"",""77.63"",""81.95"",""84.88"",""83.15"",""84.56"",""85.51"",""87.87"",""89.48"",""93.39"",""92.81"",""97.58"",""98.32"",""98.38"",""102.15"",""104.35"",""102.69"",""103.87"",""104.34"",""105.78"",""105.93"",""106.65"",""104.42"",""102.11"",""104.55"",""103.09"",""105.75"",""103.44"",""103.81"",""99.58"",""101.73"",""99.05"",""97.87"",""101.51"",""97.87"",""97.45"",""100.37"",""100.9"",""99.74"",""99.67"",""99.44"",""100.9"",""100.91"",""103.04"",""104.24"",""106.05"",""107.13"",""106.62"",""105.77"",""106.87"","""","""","""","
"Syrian Arab Republic,""SYR"",""Livestock production index (2004-2006 = 100)"",""AG.PRD.LVSK.XD"","""",""12.49"",""13.77"",""17.65"",""18.44"",""20.49"",""20.6"",""19.12"",""19.81"",""20.37"",""18.4"",""17.73"",""18.03"",""16.71"",""19.71"",""22.03"",""23.08"",""24.59"",""29.35"",""34.31"",""36.48"",""41.92"",""45.36"",""46.75"",""44.73"",""44.12"",""45.54"",""44.89"",""50.13"",""50.36"",""52.6"",""54.67"",""52.72"",""45.25"",""49.08"",""56.95"",""59.65"",""63.62"",""70.15"",""70.61"",""74.92"",""69.84"",""78.81"",""84.36"",""95.26"",""99.01"",""105.73"",""112.06"",""103.89"",""96.35"",""90.32"",""96.27"",""91.46"",""84.53"",""87.13"","""","""","""","
"Tanzania,""TZA"",""Livestock production index (2004-2006 = 100)"",""AG.PRD.LVSK.XD"","""",""30.46"",""30.75"",""32.19"",""32.5"",""33.49"",""36.5"",""38.02"",""38.31"",""39.44"",""41.39"",""42.79"",""39.97"",""38.65"",""40.22"",""41.99"",""43.76"",""46.89"",""48.03"",""48.55"",""47.45"",""50.62"",""52.53"",""53.71"",""55.83"",""58.98"",""61.43"",""62.71"",""66.45"",""68.9"",""70.85"",""73.52"",""75.72"",""78.65"",""78.37"",""87.07"",""76.27"",""77.15"",""80.55"",""93.96"",""88.73"",""82.21"",""84.55"",""87.77"",""93.28"",""102.47"",""104.25"",""98.48"",""107.72"",""111.57"",""120.34"",""129.73"",""138"",""142.89"",""139.15"","""","""","""","
"Thailand,""THA"",""Livestock production index (2004-2006 = 100)"",""AG.PRD.LVSK.XD"","""",""36.24"",""36.98"",""37.43"",""39.12"",""39.77"",""41.3"",""42.15"",""43.48"",""44.8"",""46.36"",""44.89"",""45.38"",""48.75"",""48.45"",""49.55"",""49.84"",""51.93"",""58.23"",""54.01"",""53.73"",""56.36"",""57.44"",""58.31"",""59.79"",""65.47"",""63.61"",""65.89"",""63.92"",""68.4"",""79.91"",""88.79"",""99.14"",""100.8"",""99.66"",""99.42"",""101.17"",""101.39"",""99.47"",""95.02"",""94.83"",""94.97"",""100.47"",""106.6"",""92.08"",""100.42"",""107.51"",""113.69"",""117.62"",""122.54"",""125.94"",""126.05"",""134.7"",""131.48"",""132.23"","""","""","""","
"Togo,""TGO"",""Livestock production index (2004-2006 = 100)"",""AG.PRD.LVSK.XD"","""",""28.76"",""29.31"",""31.06"",""30.42"",""31.55"",""32.17"",""32.47"",""33.69"",""32.91"",""33.8"",""32.89"",""36.31"",""36.88"",""38.21"",""40.07"",""40.58"",""40.57"",""41.92"",""40.18"",""36.36"",""37.21"",""40.17"",""38.93"",""41.52"",""43.56"",""50.87"",""52.59"",""60.23"",""62.12"",""65.89"",""64.37"",""61.58"",""62.03"",""60.91"",""55.89"",""60.13"",""68.52"",""72.34"",""76.12"",""82.47"",""82.66"",""85.39"",""89.58"",""94.19"",""102.81"",""102.99"",""108.97"",""118.08"",""129.63"",""135.21"",""139.15"",""136.2"",""143.02"",""128.93"","""","""","""","
"Tonga,""TON"",""Livestock production index (2004-2006 = 100)"",""AG.PRD.LVSK.XD"","""",""23.29"",""29.6"",""31.12"",""34.88"",""34.68"",""39.06"",""38.08"",""41"",""42.16"",""43.11"",""48.07"",""47.76"",""48.96"",""53.51"",""65.94"",""74.18"",""68.78"",""77.55"",""79.03"",""82.08"",""88.58"",""85.82"",""80.14"",""79.76"",""82.79"",""91.92"",""95.11"",""98.33"",""98.4"",""94.74"",""93.7"",""94.42"",""91.71"",""91.15"",""92.83"",""94.2"",""87.69"",""94.05"",""96.3"",""100.27"",""99.2"",""99.96"",""99.73"",""99.15"",""99.15"",""101.7"",""105.29"",""103.44"",""104.01"",""103.93"",""104.01"",""106.68"",""106.79"",""105.61"","""","""","""","
"Trinidad and Tobago,""TTO"",""Livestock production index (2004-2006 = 100)"",""AG.PRD.LVSK.XD"","""",""20.97"",""21.53"",""22.78"",""26.22"",""28.41"",""32.14"",""35.03"",""37.07"",""39.72"",""42.96"",""42.72"",""44.13"",""43.89"",""44.8"",""54.27"",""50.2"",""57.99"",""59.18"",""51.58"",""50.26"",""52.6"",""69"",""65.76"",""65.96"",""64.85"",""59.59"",""60"",""56.95"",""52.65"",""54.81"",""57.13"",""53.99"",""61.38"",""55.52"",""61.28"",""61.58"",""56.84"",""55.24"",""60.27"",""75.09"",""88.69"",""107.95"",""104.86"",""104.27"",""105.27"",""90.45"",""99.7"",""99.61"",""110.73"",""120.82"",""117.19"",""119.27"",""120.84"",""118.43"","""","""","""","
"Tunisia,""TUN"",""Livestock production index (2004-2006 = 100)"",""AG.PRD.LVSK.XD"","""",""21.27"",""20.69"",""20.79"",""22.36"",""24.01"",""26.57"",""26.85"",""25.02"",""25.09"",""23.2"",""24.61"",""26.96"",""30.12"",""31.11"",""34.56"",""38.23"",""40.53"",""37.62"",""30.99"",""35.44"",""38.64"",""39"",""42.55"",""43.14"",""49.59"",""51.86"",""54.43"",""56.75"",""57.22"",""58.47"",""61.22"",""63.84"",""68.53"",""71.33"",""76.02"",""78.19"",""81.13"",""88.62"",""95.93"",""100.85"",""105.03"",""101.85"",""98.42"",""98.09"",""100.08"",""101.83"",""107.55"",""109.18"",""107.83"",""110.68"",""111.3"",""116.99"",""120.09"",""119.6"","""","""","""","
"Turkey,""TUR"",""Livestock production index (2004-2006 = 100)"",""AG.PRD.LVSK.XD"","""",""46.42"",""47.7"",""47.83"",""47.87"",""48.64"",""50.66"",""51.17"",""51.66"",""53.12"",""53.04"",""54.03"",""54.19"",""56.14"",""58.56"",""62"",""62.39"",""64.53"",""65.92"",""65.45"",""66.45"",""71.39"",""69.87"",""68.41"",""80.41"",""79.2"",""85.52"",""80.97"",""83.2"",""83.84"",""83.36"",""84.55"",""83.35"",""85.15"",""88.29"",""85.75"",""86.62"",""90.42"",""90.71"",""92.26"",""91.59"",""86.77"",""83.77"",""94.75"",""97.14"",""99.4"",""103.45"",""111.04"",""109.22"",""112.76"",""126.25"",""134.71"",""153.66"",""163.01"",""159.64"","""","""","""","
"Uganda,""UGA"",""Livestock production index (2004-2006 = 100)"",""AG.PRD.LVSK.XD"","""",""25.63"",""24.33"",""24.26"",""24.34"",""24.66"",""25.29"",""26.23"",""26.62"",""28.12"",""30.02"",""30.39"",""31.51"",""32.69"",""33.67"",""34.72"",""35.37"",""37.99"",""41.78"",""42.32"",""39.44"",""39.4"",""40.35"",""41.14"",""42.24"",""43.41"",""37.59"",""36.94"",""39.28"",""44.43"",""50.7"",""54.58"",""55.79"",""58.25"",""56.42"",""57.78"",""58.79"",""59.7"",""62.04"",""64.04"",""65.79"",""68.86"",""78.87"",""90.83"",""95.73"",""100.61"",""103.65"",""109.85"",""110.93"",""115.87"",""119.23"",""122.99"",""125.33"",""129.28"",""121.48"","""","""","""","
"United Kingdom,""GBR"",""Livestock production index (2004-2006 = 100)"",""AG.PRD.LVSK.XD"","""",""79.33"",""80.77"",""80.06"",""79.84"",""82.17"",""82.38"",""83.73"",""84.39"",""84.67"",""88.75"",""89"",""92.77"",""92.79"",""96.8"",""97.23"",""97.07"",""98.72"",""101.34"",""104.18"",""105.82"",""104.25"",""105.97"",""109.19"",""107.41"",""108.42"",""106.86"",""107.87"",""104.65"",""105.26"",""107.4"",""108.91"",""108.13"",""107.18"",""110.53"",""111.44"",""104.13"",""104.93"",""106.89"",""105.8"",""102.07"",""97.15"",""99.78"",""99.52"",""98.9"",""99.9"",""101.2"",""101.02"",""99.69"",""98.55"",""102.51"",""103.96"",""102.69"",""103.43"",""106.68"","""","""","""","
"United States,""USA"",""Livestock production index (2004-2006 = 100)"",""AG.PRD.LVSK.XD"","""",""55.2"",""55.39"",""57.25"",""60.38"",""59.39"",""60.58"",""62.25"",""62.78"",""63.13"",""64.58"",""66.09"",""66.26"",""63.19"",""66.52"",""66.1"",""70.35"",""70.27"",""69.37"",""68.41"",""70.48"",""71.93"",""71.46"",""73.72"",""73.46"",""75.24"",""76.27"",""76.54"",""78.25"",""78.22"",""78.81"",""80.34"",""82.92"",""83.14"",""87.01"",""88.7"",""89.77"",""90.79"",""92.29"",""95.83"",""97.48"",""96.84"",""98.85"",""99.1"",""97.95"",""99.7"",""102.35"",""103.08"",""106.78"",""104.63"",""105.95"",""106.81"",""106.79"",""107.85"",""107.91"","""","""","""","
"Uruguay,""URY"",""Livestock production index (2004-2006 = 100)"",""AG.PRD.LVSK.XD"","""",""55.66"",""55.61"",""58.06"",""67.85"",""58.6"",""54.28"",""51.57"",""64.16"",""65.09"",""72.14"",""59.91"",""57.3"",""55.74"",""60.88"",""62.14"",""68.52"",""61.01"",""57.94"",""52.87"",""61.32"",""70.5"",""72.14"",""78.75"",""60.62"",""63.73"",""65.13"",""61.33"",""67.94"",""73.97"",""70.08"",""69.38"",""71.91"",""69.8"",""80.14"",""78.1"",""83.58"",""91.18"",""91.79"",""90.08"",""88.96"",""73.16"",""78.47"",""78.8"",""89.87"",""103.22"",""106.91"",""99.43"",""102.85"",""100.01"",""108.79"",""103.74"",""106.12"",""105"",""104.2"","""","""","""","
"Venezuela, RB,""VEN"",""Livestock production index (2004-2006 = 100)"",""AG.PRD.LVSK.XD"","""",""17.95"",""18.76"",""19.98"",""21.97"",""23.12"",""25.27"",""26.46"",""27.48"",""31.01"",""31.83"",""33.76"",""35.19"",""37.56"",""38.21"",""42"",""42.02"",""42.08"",""46.88"",""49.29"",""54.22"",""56.56"",""57.94"",""62.36"",""60.89"",""64.47"",""64.08"",""61.62"",""67.59"",""64.7"",""71.61"",""70.59"",""76.13"",""81.8"",""77.2"",""76.69"",""82.13"",""87.99"",""86.86"",""90.57"",""97"",""103.36"",""105.33"",""96.36"",""88.81"",""100.31"",""110.88"",""123.36"",""111.25"",""115.12"",""118.61"",""133.78"",""130.71"",""131.93"",""130.12"","""","""","""","
"Vietnam,""VNM"",""Livestock production index (2004-2006 = 100)"",""AG.PRD.LVSK.XD"","""",""14.15"",""14.63"",""15.05"",""15.17"",""15.94"",""16.43"",""16.84"",""16.72"",""16.38"",""16.46"",""16.61"",""17.15"",""17.25"",""16.86"",""15.73"",""15.91"",""16.16"",""16.77"",""17.68"",""18.5"",""22.56"",""25.05"",""28.22"",""29.67"",""30.94"",""32.43"",""35.37"",""35.4"",""37.48"",""38.52"",""38.13"",""42.4"",""43.83"",""47.03"",""49.44"",""51.38"",""56.24"",""58.92"",""63.51"",""68.03"",""72.78"",""78.98"",""85.16"",""90.12"",""100.68"",""109.19"",""117.87"",""125.4"",""137.76"",""137.36"",""142.01"",""145.39"",""147.43"",""146.37"","""","""","""","
"World,""WLD"",""Livestock production index (2004-2006 = 100)"",""AG.PRD.LVSK.XD"","""",""33.0272007203436"",""33.8682362026742"",""34.8648948006158"",""36.0022450998734"",""36.8619668501957"",""38.003891288756"",""39.1959346207872"",""40.2829777004605"",""41.0504616499038"",""41.887386690708"",""42.662587734167"",""43.8006214919761"",""43.9742464181132"",""45.532371931031"",""46.6256221728151"",""48.5474575563452"",""49.3988730564352"",""50.812496701892"",""52.2676840971332"",""53.8453961085013"",""54.7997928491326"",""55.7162674340392"",""57.3189719803212"",""58.7728968871672"",""60.4425765716595"",""61.9089590335499"",""62.9585361427955"",""64.6365589074733"",""65.5388557819414"",""67.8622169320502"",""69.5673917404158"",""75.3261701649257"",""76.8127559358287"",""78.7908734616165"",""80.7721570691635"",""82.2031222995681"",""83.3529930963985"",""85.6579879713368"",""87.9599653789087"",""90.0028886691825"",""90.8038589782368"",""93.3283062413402"",""95.246159251794"",""97.2158334360898"",""100.05361296883"",""102.72288262243"",""105.893336070823"",""108.410544882389"",""109.894113351692"",""112.447340953006"",""114.077987717411"",""115.75898047897"",""117.696168977514"",""116.983709601321"","""","""","""","
"Yemen, Rep.,""YEM"",""Livestock production index (2004-2006 = 100)"",""AG.PRD.LVSK.XD"","""",""28.08"",""28.14"",""28.46"",""28.81"",""29.33"",""28.62"",""29.3"",""26.52"",""23.82"",""23.53"",""26.06"",""26.02"",""26.23"",""28.51"",""30.37"",""28.74"",""31.61"",""33.2"",""34.68"",""37.25"",""37.6"",""38.74"",""40.25"",""43.31"",""47.23"",""49.74"",""47.07"",""56.58"",""56.04"",""50.84"",""53.55"",""56.44"",""60.47"",""62.59"",""61.11"",""65.65"",""68.93"",""70.41"",""72.86"",""80.75"",""90.16"",""91.09"",""101"",""99.55"",""98.77"",""101.68"",""109.77"",""125.4"",""134.6"",""140.02"",""151.18"",""158.08"",""159.91"",""160.72"","""","""","""","
"Zambia,""ZMB"",""Livestock production index (2004-2006 = 100)"",""AG.PRD.LVSK.XD"","""",""29.09"",""29.03"",""29.85"",""31.24"",""32.77"",""34.74"",""36"",""38.22"",""38.42"",""40.24"",""39.39"",""42.01"",""43.78"",""44.9"",""49.58"",""53.78"",""54.46"",""54.03"",""54.33"",""56.43"",""55.78"",""58.69"",""54.96"",""51.78"",""56.26"",""57.5"",""58.95"",""60.46"",""62.63"",""78.54"",""82.17"",""81.51"",""82.02"",""82.52"",""76.38"",""76.97"",""83.38"",""87.37"",""91.98"",""90.92"",""94.98"",""98.85"",""99.91"",""97.17"",""103.77"",""99.06"",""102.25"",""117.16"",""150.45"",""177.29"",""181.36"",""195.78"",""217.07"",""176.33"","""","""","""","
"Zimbabwe,""ZWE"",""Livestock production index (2004-2006 = 100)"",""AG.PRD.LVSK.XD"","""",""41.87"",""42.12"",""42.65"",""41.69"",""42.74"",""48.75"",""44.28"",""47.42"",""50.33"",""55.56"",""65.82"",""75.69"",""81.53"",""68.45"",""68.1"",""75.94"",""81.73"",""79.27"",""73.01"",""64.11"",""59.65"",""64.56"",""66.08"",""70.26"",""68.83"",""65.72"",""72.84"",""71.88"",""70.27"",""75.82"",""74.1"",""80.08"",""70.51"",""69.76"",""71.71"",""72.93"",""74.38"",""83.7"",""89.21"",""96.83"",""101.84"",""94.41"",""97.24"",""99.57"",""99.67"",""100.76"",""102.61"",""103.84"",""104.97"",""102.78"",""102.63"",""104.89"",""105.35"",""93.44"","""","""","""","
